Workbook

Sheet PEX
I2: PEX | AO2: SI | AS2: 00012345/25H
I3: Planejamento Executivo
AO4: Rev. PEX | AS4: 1
B6: 1. | D6: IDENTIFICAÇÃO DA INTERVENÇÃO
B8: Responsável | H8: DOUGLAS HIGINO DOS SANTOS | AA8: ID SAP (ou CPF): | AG8: =_xlfn.XLOOKUP(H8,Tabela6[Nome Completo],Tabela6[Matrícula SAP/ Documento],"",0) -> 268186 | AN8: Contato: | AR8: =_xlfn.XLOOKUP(H8,Tabela6[Nome Completo],Tabela6[Telefone],"",0) -> (85) 9.8109-8447
B9: Substituto | H9: DIEGO MAZZAGA ALMEIDA DE OLIVEIRA | AA9: ID SAP (ou CPF): | AG9: =_xlfn.XLOOKUP(H9,Tabela6[Nome Completo],Tabela6[Matrícula SAP/ Documento],"",0) -> 329170 | AN9: Contato: | AR9: =_xlfn.XLOOKUP(H9,Tabela6[Nome Completo],Tabela6[Telefone],"",0) -> (85) 9.8907-2573
B10: Fiscal Técnico | AA10: ID SAP (ou CPF): | AG10: =_xlfn.XLOOKUP(H10,Tabela6[Nome Completo],Tabela6[Matrícula SAP/ Documento],"",0) | AN10: Contato: | AR10: =_xlfn.XLOOKUP(H10,Tabela6[Nome Completo],Tabela6[Telefone],"",0)
B11: Coordenador | AA11: ID SAP (ou CPF): | AG11: =_xlfn.XLOOKUP(H11,Tabela6[Nome Completo],Tabela6[Matrícula SAP/ Documento],"",0) | AN11: Contato: | AR11: =_xlfn.XLOOKUP(H11,Tabela6[Nome Completo],Tabela6[Telefone],"",0)
B12: Técnico Seg. | AA12: ID SAP (ou CPF): | AG12: =_xlfn.XLOOKUP(H12,Tabela6[Nome Completo],Tabela6[Matrícula SAP/ Documento],"",0) | AN12: Contato: | AR12: =_xlfn.XLOOKUP(H12,Tabela6[Nome Completo],Tabela6[Telefone],"",0)
B13: Período | H13: 45996 | N13: 0.41666667 | Q13: a | R13: 45996 | X13: 0.47916667 | AA13: Periodicidade | AG13: FALSE | AH13: Contínuo | AM13: =IF(AG13=TRUE,FALSE,TRUE) -> TRUE | AN13: Diário
B14: Instalação | H14: BNB | M14: Equipamentos | S14: 34C1-5
B15: Resumo da Atividade | H15: Equipe OOTFB.C-SE, com apoio do O&M BNB, realizar correção de NCT crítica* na chave 34C1-5 BNB com LT 04C1 RSD/BNB desenergizada, isolada e aterrada. *NCT crítica documentada no RIT: OOTFB.C.247.2025. | BE15: =H15 -> Equipe OOTFB.C-SE, com apoio do O&M BNB, realizar correção de NCT crítica* na chave 34C1-5 BNB com LT 04C1 RSD/BNB desenergizada, isolada e aterrada. *NCT crítica documentada no RIT: OOTFB.C.247.2025.
B16: Configuração | H16: Recebimento:
H17: LT 04C1 BNB/RSD desenergizada, isolada e aterrada. # Terminal de BNB: - Disjuntor 14C1 aberto; - Chaves seccionadoras 34C1-4 e 34C1-5 abertas e bloqueadas; - Chave by-pass 34C1-6 aberta e bloqueada; - Lâmina de terra 34C1-7 fechada. # Terminal de RSD: - Disjuntor 14C1 aberto; - Chave seccionadora 34C1-5 aberta e bloqueada; - Chave by-pass 34C1-6 aberta e bloqueada; - Lâmina de terra 34C1-7 fechada. | BE17: =H17 -> LT 04C1 BNB/RSD desenergizada, isolada e aterrada. # Terminal de BNB: - Disjuntor 14C1 aberto; - Chaves seccionadoras 34C1-4 e 34C1-5 abertas e bloqueadas; - Chave by-pass 34C1-6 aberta e bloqueada; - Lâmina de terra 34C1-7 fechada. # Terminal de RSD: - Disjuntor 14C1 aberto; - Chave seccionadora 34C1-5 aberta e bloqueada; - Chave by-pass 34C1-6 aberta e bloqueada; - Lâmina de terra 34C1-7 fechada.
H18: Durante: | BE18: =H18 -> Durante:
H19: A chave seccionadora 34C1-5 BNB será manobrada durante a intervenção. | BE19: =H19 -> A chave seccionadora 34C1-5 BNB será manobrada durante a intervenção.
H20: Devolução: | BE20: =H20 -> Devolução:
H21: A chave 34C1-5 BNB pode ser devolvida fechada. Após a conclusão das atividades, a LT 04C1-BNB/RSD será energizada em teste antes da devolução para o ONS. | BE21: =H21 -> A chave 34C1-5 BNB pode ser devolvida fechada. Após a conclusão das atividades, a LT 04C1-BNB/RSD será energizada em teste antes da devolução para o ONS.
B22: Aterramento | H22: Durante a intervenção serão instalados os seguintes aterramentos móveis temporários: | BE22: =H22 -> Durante a intervenção serão instalados os seguintes aterramentos móveis temporários:
H23: - Nos pulos de interligação entre 34C1-5 e 94C1 (fases ABC); - Nos pulos de interligação entre 34C1-5 e 14C1 (fases ABC); | BE23: =H23 -> - Nos pulos de interligação entre 34C1-5 e 94C1 (fases ABC); - Nos pulos de interligação entre 34C1-5 e 14C1 (fases ABC);
H24: Total: 06 unidades | BE24: =H24 -> Total: 06 unidades
B25: Informações adicionais / Outras atividades previstas: | BE25: =I25 -> 0
C26: 1. Verificação das Configurações Prévias à Intervenção | BE26: =C26 -> 1. Verificação das Configurações Prévias à Intervenção
C27: As configurações necessárias para a intervenção estão descritas na "SI" e devem ser confirmadas por todos os envolvidos durante o recebimento (condições das chaves, disjuntores, pontos de aterramento, etc); | BE27: =C27 -> As configurações necessárias para a intervenção estão descritas na "SI" e devem ser confirmadas por todos os envolvidos durante o recebimento (condições das chaves, disjuntores, pontos de aterramento, etc);
C28: 2. Atenção à Distância de Segurança (D) | BE28: =C28 -> 2. Atenção à Distância de Segurança (D)
C29: É o afastamento mínimo no ar entre o trabalhador (ou suas ferramentas/instrumentos) e a parte energizada, de forma a evitar risco de descarga elétrica. | BE29: =C29 -> É o afastamento mínimo no ar entre o trabalhador (ou suas ferramentas/instrumentos) e a parte energizada, de forma a evitar risco de descarga elétrica.
C30: É calculada pela fórmula: D = d1 + d2 | BE30: =C30 -> É calculada pela fórmula: D = d1 + d2
C31: Onde: | BE31: =C31 -> Onde:
C32: d1 = Distância de Segurança Básica ou Valor de Base Menor distância em qualquer direção, entre executante dos trabalhos, inclusive suas ferramentas, e o ponto energizado mais próximo (tabela do Anexo I da NM-MN-SE-S.002). | BE32: =C32 -> d1 = Distância de Segurança Básica ou Valor de Base Menor distância em qualquer direção, entre executante dos trabalhos, inclusive suas ferramentas, e o ponto energizado mais próximo (tabela do Anexo I da NM-MN-SE-S.002).
C33: d2 = Distância de Segurança Variável: Distância requerida para movimentação do pessoal manipulando instrumentos ou ferramentas, sem invadir a distância d1. | BE33: =C33 -> d2 = Distância de Segurança Variável: Distância requerida para movimentação do pessoal manipulando instrumentos ou ferramentas, sem invadir a distância d1.
C34: Observação Importante: | BE34: =C34 -> Observação Importante:
C35: Devido à imprecisão dos movimentos humanos, recomenda-se acrescentar uma margem de segurança de pelo menos 50% sobre o valor de d2. | BE35: =C35 -> Devido à imprecisão dos movimentos humanos, recomenda-se acrescentar uma margem de segurança de pelo menos 50% sobre o valor de d2.
G36: Níveis de tensão fase-fase (kV) | T36: d1 (m) | AB36: d2+50% (m) | AJ36: D (m)
G37: 2,1 a 15,0 | T37: 0.65 | AB37: 1.65 | AJ37: 2.3
G38: 46,1 a 72,5 | T38: 0.95 | AB38: 1.65 | AJ38: 2.6
G39: 230,0 a 242,0 | T39: 1.55 | AB39: 1.65 | AJ39: 3.2
G40: 500,0 a 552,0 | T40: 3.4 | AB40: 1.65 | AJ40: 5.05
B42: 2. | D42: DADOS PARA PLANEJAMENTO DA INTERVENÇÃO
B44: Categoria | I44: Instruções / Detalhes | BD44: =B44 -> Categoria | BE44: =I44 -> Instruções / Detalhes
B45: Responsabilidade do Encarregado | I45: ▪ Avaliar o nível de prontidão física e emocional de todos os membros da equipe antes do início dos trabalhos; | BD45: =B45 -> Responsabilidade do Encarregado | BE45: =I45 -> ▪ Avaliar o nível de prontidão física e emocional de todos os membros da equipe antes do início dos trabalhos;
I46: ▪ Discutir com a equipe os procedimentos a serem adotados; | BE46: =I46 -> ▪ Discutir com a equipe os procedimentos a serem adotados;
I47: ▪ O Encarregado da equipe deve manter em tempo integral a supervisão da atividade. Caso essa supervisão seja interrompida, o encarregado deve paralisar a atividade, comunicando a toda a equipe de forma verbal e incisiva; | BE47: =I47 -> ▪ O Encarregado da equipe deve manter em tempo integral a supervisão da atividade. Caso essa supervisão seja interrompida, o encarregado deve paralisar a atividade, comunicando a toda a equipe de forma verbal e incisiva;
I48: ▪ Todos os movimentos e ações devem ser precedidos da voz de comando do Encarregado da equipe executiva. | BE48: =I48 -> ▪ Todos os movimentos e ações devem ser precedidos da voz de comando do Encarregado da equipe executiva.
B49: Antes do Início dos Trabalhos | I49: ▪ Realizar o checklist dos maquinários e veículos utilizados, usando o APP disponibilizado pelo setor de frota. | BD49: =B49 -> Antes do Início dos Trabalhos | BE49: =I49 -> ▪ Realizar o checklist dos maquinários e veículos utilizados, usando o APP disponibilizado pelo setor de frota.
I50: ▪ Verificar integridade de materiais, EPIs e EPCs; | BE50: =I50 -> ▪ Verificar integridade de materiais, EPIs e EPCs;
I51: ▪ Garantir kit de primeiros socorros disponível; | BE51: =I51 -> ▪ Garantir kit de primeiros socorros disponível;
I52: ▪ Verificar condições físicas e emocionais de todos os participantes para perfeita execução das atividades; | BE52: =I52 -> ▪ Verificar condições físicas e emocionais de todos os participantes para perfeita execução das atividades;
I53: ▪ Posicionar veículo para atendimento à acidentados afastados do local de trabalho, com fácil acesso à pista de saída da instalação. | BE53: =I53 -> ▪ Posicionar veículo para atendimento à acidentados afastados do local de trabalho, com fácil acesso à pista de saída da instalação.
B54: Durante a Execução | I54: ▪ Seguir comandos claros e diretos do Encarregado; | BD54: =B54 -> Durante a Execução | BE54: =I54 -> ▪ Seguir comandos claros e diretos do Encarregado;
I55: ▪ Usar corretamente os EPIs e EPCs, especialmente durante escaladas (conforme IM-MN-LT-M.080); | BE55: =I55 -> ▪ Usar corretamente os EPIs e EPCs, especialmente durante escaladas (conforme IM-MN-LT-M.080);
I56: ▪ Evitar quedas de ferramentas e materiais em altura; | BE56: =I56 -> ▪ Evitar quedas de ferramentas e materiais em altura;
I57: ▪ Manter o foco: não fumar, não usar adornos, evitar conversas paralelas; | BE57: =I57 -> ▪ Manter o foco: não fumar, não usar adornos, evitar conversas paralelas;
I58: ▪ Atentar-se às distâncias de segurança (NM-MN-LT-L.002); | BE58: =I58 -> ▪ Atentar-se às distâncias de segurança (NM-MN-LT-L.002);
I59: ▪ Cuidar da própria segurança, dos colegas e permitir que cuidem de você. | BE59: =I59 -> ▪ Cuidar da própria segurança, dos colegas e permitir que cuidem de você.
B60: Movimentação Pessoas, Veículos e Máquinas | I60: ▪ Não transpor canaletas; | BD60: =B60 -> Movimentação Pessoas, Veículos e Máquinas | BE60: =I60 -> ▪ Não transpor canaletas;
I61: ▪ Manter distância segura de partes energizadas; | BE61: =I61 -> ▪ Manter distância segura de partes energizadas;
I62: ▪ Não pisar sobre tampas de concreto. | BE62: =I62 -> ▪ Não pisar sobre tampas de concreto.
B63: Delimitação da Área de Trabalho | I63: ▪ Sinalizar e isolar a área desenergizada com cones e fitas, conforme IN-OP.01.010. | BD63: =B63 -> Delimitação da Área de Trabalho | BE63: =I63 -> ▪ Sinalizar e isolar a área desenergizada com cones e fitas, conforme IN-OP.01.010.
B64: Troca de Profissionais | I64: ▪ Evitar substituições durante manutenções em painéis ou equipamentos. | BD64: =B64 -> Troca de Profissionais | BE64: =I64 -> ▪ Evitar substituições durante manutenções em painéis ou equipamentos.
B65: Objetos Pessoais | I65: ▪ Evitar o uso de itens que possam representar risco: anéis, correntes, óculos metálicos, relógios, pulseiras, celulares etc. | BD65: =B65 -> Objetos Pessoais | BE65: =I65 -> ▪ Evitar o uso de itens que possam representar risco: anéis, correntes, óculos metálicos, relógios, pulseiras, celulares etc.
B66: Controle de Acesso | I66: ▪ Restringir a presença de pessoas não envolvidas dentro da área de intervenção. | BD66: =B66 -> Controle de Acesso | BE66: =I66 -> ▪ Restringir a presença de pessoas não envolvidas dentro da área de intervenção.
B67: Conduta na Área de Trabalho | I67: ▪ Não se apoiar ou utilizar como suporte qualquer equipamento ou estrutura adjacente ao local de intervenção. | BD67: =B67 -> Conduta na Área de Trabalho | BE67: =I67 -> ▪ Não se apoiar ou utilizar como suporte qualquer equipamento ou estrutura adjacente ao local de intervenção.
B68: Regras Gerais | I68: ▪ Sempre utilizar os EPIs; | BD68: =B68 -> Regras Gerais | BE68: =I68 -> ▪ Sempre utilizar os EPIs;
I69: ▪ Seguir o planejamento; | BE69: =I69 -> ▪ Seguir o planejamento;
I70: ▪ Evitar contato ou aproximação com pontos energizados; | BE70: =I70 -> ▪ Evitar contato ou aproximação com pontos energizados;
I71: ▪ Utilizar apenas instrumentos e materiais adequados e compatíveis com a atividade. | BE71: =I71 -> ▪ Utilizar apenas instrumentos e materiais adequados e compatíveis com a atividade.
B72: ⚠️Regra Principal | I72: Na dúvida, não execute! | BD72: =B72 -> ⚠️Regra Principal | BE72: =I72 -> Na dúvida, não execute!
B73: Nível de risco de acidente pessoal | I73: Moderado (Médio) | BD73: =B73 -> Nível de risco de acidente pessoal | BE73: =I73 -> Moderado (Médio)
B75: 3. | D75: RECURSOS / FERRAMENTAS / MATERIAIS
B77: Qtde | E77: Recurso | AA77: Qtde | AD77: Recurso
E78: EPI | AD78: TRANSPORTE/MÁQUINAS
B79: =COUNTA(B353:$V$387) -> 8 | E79: BOTA DE SEGURANÇA (par) + CAPACETE SEG. | AA79: 2 | AD79: VEÍCULO L200 P/ TRANSPORTE MATERIAL E EQUIPE
B80: =B79 -> 8 | E80: VESTIMENTA ANTICHAMA + PAR DE ÓCULOS SEG. | AA80: 1 | AD80: VEÍCULO DA SUBESTAÇÃO PARA APOIO
B81: =B80 -> 8 | E81: PARES DE LUVAS DE SEGURANÇA
B82: =B81 -> 8 | E82: PROTETOR AURICULAR
B83: 3 | E83: CINTO TIPO PARAQUEDISTA P/ TRAB. ALTURA (KIT)
B84: 1 | E84: PROTETOR SOLAR | AD84: MATERIAL DE CONSUMO / SOBRESSALENTE
B85: 2 | E85: PARES DE LUVAS NITRÍLICAS | AA85: 1 | AD85: MALETA COM TINTA SPRAY E SILICONE
AA86: 1 | AD86: MALETA COM WD40 E LIMPA CONTATO
E87: EPC | AA87: 1 | AD87: CONJUNTO DE CONTATOS SOBRESSALENTES
B88: 1 | E88: CONJ. BALIZAMENTO DISP. P/ OPERAÇÃO | AA88: 1 | AD88: MATERIAL DE LIMPEZA
B89: 1 | E89: DETETOR DE TENSÃO AFERIDO | AA89: 1 | AD89: CONJUNTO DE LIXAS E ESPONJA SCOTCH BRITE
B90: 1 | E90: BASTÃO ISOLANTE AFERIDO E LIMPO
B91: 2 | E91: CONJUNTOS DE ATERRAMENTO (C/3 CABOS)
E92: COMUNICAÇÃO | AD92: FERRAMENTAS E MATERIAL DE SUPORTE
B93: 2 | E93: RÁDIOS COMUNICADORES | AA93: 2 | AD93: MALA DE FERRAMENTAS
B94: 1 | E94: TELEFONE MÓVEL DISPONIBILIZADO PELA OPERAÇÃO | AA94: 2 | AD94: BOLSA/BALDE PARA IÇAR FERRAMENTAS
B95: 1 | E95: CELULAR | AA95: 2 | AD95: ESCADA DUPLA DE FIBRA
AA96: 1 | AD96: CONJUNTO DE CORDAS
E97: DOCUMENTAÇÃO DE SUPORTE
B98: TRUE | E98: MANUAL DO FABRICANTE
B99: TRUE | E99: DESENHO TÉCNICO DO EQUIPAMENTO
B100: TRUE | E100: FICHA DE REGISTRO DE ENSAIO (FRE)
B101: TRUE | E101: ESQUEMA DE SERVIÇO PARA MANUTENÇÃO
B102: TRUE | E102: DIAGRAMA FUNCIONAL DO VÃO | AD102: INSTRUMENTOS
B103: FALSE | E103: OUTRO (__________________________________) | AA103: 1 | AD103: MEDIDOR DE BAIXA RESISTÊNCIA (LOW DUCTER)
E104: DOCUMENTAÇÃO ANEXADA AO PEX | AA104: 1 | AD104: MULTÍMETRO
B105: TRUE | E105: CROQUI DE ATERRAMENTO
B106: TRUE | E106: ANÁLISE PRELIMINAR DE RISCO (APR)
B107: TRUE | E107: CHECKLIST DE PONTOS CRÍTICOS
...

Sheet APR
D2: APR | J2: =PEX!AO2 -> SI | K2: =PEX!AS2 -> 00012345/25H
D3: Análise Preliminar de Riscos
J4: Rev. APR | K4: 1
B6: Este APR é anexo obrigatório ao Planejamento Executivo (PEX) da SI com numeração indicada acima. A ciência dos riscos identificados neste documento deve ser registrada na seção específica do PEX, mediante assinatura dos integrantes da equipe antes do início da atividade.
B8: IDENTIFICAÇÃO | G8: AVALIAÇÃO DE ACORDO COM A MATRIZ 5X5 | J8: HIERARQUIZAÇÃO DAS MEDIDAS DE CONTROLE | O8: STATUS APÓS AÇÕES E MEDIDAS
B9: ÁREA | C9: ATIVIDADE | D9: PERIGO | E9: DANOS / IMPACTO | F9: RISCO | G9: SEVERI-DADE | H9: PROBA-BILIDA-DE | I9: GRAU DE SIGNIFICÂNCIA (Risco) | J9: ELIMINAÇÃO | K9: SUBSTITUIÇÃO | L9: CONTROLES DE ENGENHARIA | M9: SINALIZAÇÃO/ ALERTAS E/OU CONTROLE ADM | N9: EPI | O9: SEVERI-DADE | P9: PROBA-BILIDA-DE | Q9: GRAU DE SIGNIFICÂNCIA (Risco) Após ações e medidas de controle | R9: CONTROLES ESPECÍFICOS
B10: Pátio 230kV | C10: Instalação de aterramento temporário | D10: =IF(Tabela1[[#This Row],[ATIVIDADE]]="","",_xlfn.XLOOKUP(Tabela1[[#This Row],[ATIVIDADE]],Tabela13[ATIVIDADE],Tabela13[PERIGO],"",0)) -> Eletricidade | E10: =IF(Tabela1[[#This Row],[ATIVIDADE]]="","",_xlfn.XLOOKUP(Tabela1[[#This Row],[ATIVIDADE]],Tabela13[ATIVIDADE],Tabela13[DANOS / IMPACTO],"",0)) -> Queimaduras, lesões graves ou fatais | F10: =IF(Tabela1[[#This Row],[ATIVIDADE]]="","",_xlfn.XLOOKUP(Tabela1[[#This Row],[ATIVIDADE]],Tabela13[ATIVIDADE],Tabela13[RISCO],"",0)) -> Choque elétrico | G10: =IF(Tabela1[[#This Row],[ATIVIDADE]]="","",_xlfn.XLOOKUP(Tabela1[[#This Row],[ATIVIDADE]],Tabela13[ATIVIDADE],Tabela13[SEVERI-DADE],"",0)) -> 5 | H10: =IF(Tabela1[[#This Row],[ATIVIDADE]]="","",_xlfn.XLOOKUP(Tabela1[[#This Row],[ATIVIDADE]],Tabela13[ATIVIDADE],Tabela13[PROBA-BILIDA-DE],"",0)) -> 4 | I10: =IFERROR(INDEX(Tabelas!$E$5:$I$9, MATCH(Tabela1[[#This Row],[PROBA-BILIDA-DE]], Tabelas!$D$5:$D$9, 0), MATCH(Tabela1[[#This Row],[SEVERI-DADE]], Tabelas!$E$4:$I$4, 0)),"") -> ⁴Muito Alto (20) | J10: =IF(Tabela1[[#This Row],[ATIVIDADE]]="","",_xlfn.XLOOKUP(Tabela1[[#This Row],[ATIVIDADE]],Tabela13[ATIVIDADE],Tabela13[ELIMINAÇÃO],"",0)) -> Desenergizar; teste de ausência de tensão | K10: =IF(Tabela1[[#This Row],[ATIVIDADE]]="","",_xlfn.XLOOKUP(Tabela1[[#This Row],[ATIVIDADE]],Tabela13[ATIVIDADE],Tabela13[SUBSTITUIÇÃO],"",0)) -> Sistemas automáticos de aterramento | L10: =IF(Tabela1[[#This Row],[ATIVIDADE]]="","",_xlfn.XLOOKUP(Tabela1[[#This Row],[ATIVIDADE]],Tabela13[ATIVIDADE],Tabela13[CONTROLES DE ENGENHARIA],"",0)) -> Dispositivo certificado; equipamento de teste | M10: =IF(Tabela1[[#This Row],[ATIVIDADE]]="","",_xlfn.XLOOKUP(Tabela1[[#This Row],[ATIVIDADE]],Tabela13[ATIVIDADE],Tabela13[SINALIZAÇÃO/ ALERTAS E/OU CONTROLE ADM],"",0)) -> Procedimento NR10; reciclagem periódica | N10: =IF(Tabela1[[#This Row],[ATIVIDADE]]="","",_xlfn.XLOOKUP(Tabela1[[#This Row],[ATIVIDADE]],Tabela13[ATIVIDADE],Tabela13[EPI],"",0)) -> Vestimenta anti-chama; capacete com viseira; luvas isolantes + sobreluvas mecânicas; bota isolante | O10: =IF(Tabela1[[#This Row],[ATIVIDADE]]="","",_xlfn.XLOOKUP(Tabela1[[#This Row],[ATIVIDADE]],Tabela13[ATIVIDADE],Tabela13[SEVERI-DADE ],"",0)) -> 5 | P10: =IF(Tabela1[[#This Row],[ATIVIDADE]]="","",_xlfn.XLOOKUP(Tabela1[[#This Row],[ATIVIDADE]],Tabela13[ATIVIDADE],Tabela13[PROBA-BILIDA-DE ],"",0)) -> 2 | Q10: =IFERROR(INDEX(Tabelas!$E$5:$I$9, MATCH(Tabela1[[#This Row],[PROBA-BILIDA-DE ]], Tabelas!$D$5:$D$9, 0), MATCH(Tabela1[[#This Row],[SEVERI-DADE ]], Tabelas!$E$4:$I$4, 0)),"") -> ³Alto (10) | R10: =IF(Tabela1[[#This Row],[ATIVIDADE]]="","",_xlfn.XLOOKUP(Tabela1[[#This Row],[ATIVIDADE]],Tabela13[ATIVIDADE],Tabela13[CONTROLES ESPECÍFICOS],"",0)) -> Testador de ausência de tensão
B11: Pátio 230kV | C11: Escalada no equipamento | D11: =IF(Tabela1[[#This Row],[ATIVIDADE]]="","",_xlfn.XLOOKUP(Tabela1[[#This Row],[ATIVIDADE]],Tabela13[ATIVIDADE],Tabela13[PERIGO],"",0)) -> Trabalho em altura | E11: =IF(Tabela1[[#This Row],[ATIVIDADE]]="","",_xlfn.XLOOKUP(Tabela1[[#This Row],[ATIVIDADE]],Tabela13[ATIVIDADE],Tabela13[DANOS / IMPACTO],"",0)) -> Fraturas, traumatismos, lesões graves ou fatais | F11: =IF(Tabela1[[#This Row],[ATIVIDADE]]="","",_xlfn.XLOOKUP(Tabela1[[#This Row],[ATIVIDADE]],Tabela13[ATIVIDADE],Tabela13[RISCO],"",0)) -> Queda de altura | G11: =IF(Tabela1[[#This Row],[ATIVIDADE]]="","",_xlfn.XLOOKUP(Tabela1[[#This Row],[ATIVIDADE]],Tabela13[ATIVIDADE],Tabela13[SEVERI-DADE],"",0)) -> 4 | H11: =IF(Tabela1[[#This Row],[ATIVIDADE]]="","",_xlfn.XLOOKUP(Tabela1[[#This Row],[ATIVIDADE]],Tabela13[ATIVIDADE],Tabela13[PROBA-BILIDA-DE],"",0)) -> 4 | I11: =IFERROR(INDEX(Tabelas!$E$5:$I$9, MATCH(Tabela1[[#This Row],[PROBA-BILIDA-DE]], Tabelas!$D$5:$D$9, 0), MATCH(Tabela1[[#This Row],[SEVERI-DADE]], Tabelas!$E$4:$I$4, 0)),"") -> ⁴Muito Alto (19) | J11: =IF(Tabela1[[#This Row],[ATIVIDADE]]="","",_xlfn.XLOOKUP(Tabela1[[#This Row],[ATIVIDADE]],Tabela13[ATIVIDADE],Tabela13[ELIMINAÇÃO],"",0)) -> Executar em solo quando possível (ferramentas longas, drones) | K11: =IF(Tabela1[[#This Row],[ATIVIDADE]]="","",_xlfn.XLOOKUP(Tabela1[[#This Row],[ATIVIDADE]],Tabela13[ATIVIDADE],Tabela13[SUBSTITUIÇÃO],"",0)) -> Plataformas elevatórias | L11: =IF(Tabela1[[#This Row],[ATIVIDADE]]="","",_xlfn.XLOOKUP(Tabela1[[#This Row],[ATIVIDADE]],Tabela13[ATIVIDADE],Tabela13[CONTROLES DE ENGENHARIA],"",0)) -> Linha de vida, pontos de ancoragem, guarda-corpos | M11: =IF(Tabela1[[#This Row],[ATIVIDADE]]="","",_xlfn.XLOOKUP(Tabela1[[#This Row],[ATIVIDADE]],Tabela13[ATIVIDADE],Tabela13[SINALIZAÇÃO/ ALERTAS E/OU CONTROLE ADM],"",0)) -> Procedimento NR35, checklist, controle de acesso | N11: =IF(Tabela1[[#This Row],[ATIVIDADE]]="","",_xlfn.XLOOKUP(Tabela1[[#This Row],[ATIVIDADE]],Tabela13[ATIVIDADE],Tabela13[EPI],"",0)) -> Cinturão paraquedista; trava-quedas retrátil; capacete com jugular; bota de segurança antiderrapante; luvas mecânicas | O11: =IF(Tabela1[[#This Row],[ATIVIDADE]]="","",_xlfn.XLOOKUP(Tabela1[[#This Row],[ATIVIDADE]],Tabela13[ATIVIDADE],Tabela13[SEVERI-DADE ],"",0)) -> 4 | P11: =IF(Tabela1[[#This Row],[ATIVIDADE]]="","",_xlfn.XLOOKUP(Tabela1[[#This Row],[ATIVIDADE]],Tabela13[ATIVIDADE],Tabela13[PROBA-BILIDA-DE ],"",0)) -> 2 | Q11: =IFERROR(INDEX(Tabelas!$E$5:$I$9, MATCH(Tabela1[[#This Row],[PROBA-BILIDA-DE ]], Tabelas!$D$5:$D$9, 0), MATCH(Tabela1[[#This Row],[SEVERI-DADE ]], Tabelas!$E$4:$I$4, 0)),"") -> ³Alto (9) | R11: =IF(Tabela1[[#This Row],[ATIVIDADE]]="","",_xlfn.XLOOKUP(Tabela1[[#This Row],[ATIVIDADE]],Tabela13[ATIVIDADE],Tabela13[CONTROLES ESPECÍFICOS],"",0)) -> - Inspeção prévia dos EPIs e pontos de ancoragem - Plano de resgate com equipe treinada - Uso de trava-quedas retrátil em linha vertical
B12: Pátio 230kV | C12: Confirmação da ausência de tensão | D12: =IF(Tabela1[[#This Row],[ATIVIDADE]]="","",_xlfn.XLOOKUP(Tabela1[[#This Row],[ATIVIDADE]],Tabela13[ATIVIDADE],Tabela13[PERIGO],"",0)) -> Eletricidade | E12: =IF(Tabela1[[#This Row],[ATIVIDADE]]="","",_xlfn.XLOOKUP(Tabela1[[#This Row],[ATIVIDADE]],Tabela13[ATIVIDADE],Tabela13[DANOS / IMPACTO],"",0)) -> Lesões graves ou fatais | F12: =IF(Tabela1[[#This Row],[ATIVIDADE]]="","",_xlfn.XLOOKUP(Tabela1[[#This Row],[ATIVIDADE]],Tabela13[ATIVIDADE],Tabela13[RISCO],"",0)) -> Choque elétrico | G12: =IF(Tabela1[[#This Row],[ATIVIDADE]]="","",_xlfn.XLOOKUP(Tabela1[[#This Row],[ATIVIDADE]],Tabela13[ATIVIDADE],Tabela13[SEVERI-DADE],"",0)) -> 5 | H12: =IF(Tabela1[[#This Row],[ATIVIDADE]]="","",_xlfn.XLOOKUP(Tabela1[[#This Row],[ATIVIDADE]],Tabela13[ATIVIDADE],Tabela13[PROBA-BILIDA-DE],"",0)) -> 3 | I12: =IFERROR(INDEX(Tabelas!$E$5:$I$9, MATCH(Tabela1[[#This Row],[PROBA-BILIDA-DE]], Tabelas!$D$5:$D$9, 0), MATCH(Tabela1[[#This Row],[SEVERI-DADE]], Tabelas!$E$4:$I$4, 0)),"") -> ⁴Muito Alto (15) | J12: =IF(Tabela1[[#This Row],[ATIVIDADE]]="","",_xlfn.XLOOKUP(Tabela1[[#This Row],[ATIVIDADE]],Tabela13[ATIVIDADE],Tabela13[ELIMINAÇÃO],"",0)) -> Evitar contato direto | K12: =IF(Tabela1[[#This Row],[ATIVIDADE]]="","",_xlfn.XLOOKUP(Tabela1[[#This Row],[ATIVIDADE]],Tabela13[ATIVIDADE],Tabela13[SUBSTITUIÇÃO],"",0)) -> NAPL | L12: =IF(Tabela1[[#This Row],[ATIVIDADE]]="","",_xlfn.XLOOKUP(Tabela1[[#This Row],[ATIVIDADE]],Tabela13[ATIVIDADE],Tabela13[CONTROLES DE ENGENHARIA],"",0)) -> Detector de tensão | M12: =IF(Tabela1[[#This Row],[ATIVIDADE]]="","",_xlfn.XLOOKUP(Tabela1[[#This Row],[ATIVIDADE]],Tabela13[ATIVIDADE],Tabela13[SINALIZAÇÃO/ ALERTAS E/OU CONTROLE ADM],"",0)) -> Procedimento NR10; aviso de teste | N12: =IF(Tabela1[[#This Row],[ATIVIDADE]]="","",_xlfn.XLOOKUP(Tabela1[[#This Row],[ATIVIDADE]],Tabela13[ATIVIDADE],Tabela13[EPI],"",0)) -> Vestimenta anti-chama; capacete com viseira; luvas isolantes + sobreluvas mecânicas; bota isolante | O12: =IF(Tabela1[[#This Row],[ATIVIDADE]]="","",_xlfn.XLOOKUP(Tabela1[[#This Row],[ATIVIDADE]],Tabela13[ATIVIDADE],Tabela13[SEVERI-DADE ],"",0)) -> 5 | P12: =IF(Tabela1[[#This Row],[ATIVIDADE]]="","",_xlfn.XLOOKUP(Tabela1[[#This Row],[ATIVIDADE]],Tabela13[ATIVIDADE],Tabela13[PROBA-BILIDA-DE ],"",0)) -> 1 | Q12: =IFERROR(INDEX(Tabelas!$E$5:$I$9, MATCH(Tabela1[[#This Row],[PROBA-BILIDA-DE ]], Tabelas!$D$5:$D$9, 0), MATCH(Tabela1[[#This Row],[SEVERI-DADE ]], Tabelas!$E$4:$I$4, 0)),"") -> ³Alto (5) | R12: =IF(Tabela1[[#This Row],[ATIVIDADE]]="","",_xlfn.XLOOKUP(Tabela1[[#This Row],[ATIVIDADE]],Tabela13[ATIVIDADE],Tabela13[CONTROLES ESPECÍFICOS],"",0)) -> Detector homologado, procedimento NR10
B13: Área externa | C13: Deslocamento de carro (colisão) | D13: =IF(Tabela1[[#This Row],[ATIVIDADE]]="","",_xlfn.XLOOKUP(Tabela1[[#This Row],[ATIVIDADE]],Tabela13[ATIVIDADE],Tabela13[PERIGO],"",0)) -> Veículo em movimento | E13: =IF(Tabela1[[#This Row],[ATIVIDADE]]="","",_xlfn.XLOOKUP(Tabela1[[#This Row],[ATIVIDADE]],Tabela13[ATIVIDADE],Tabela13[DANOS / IMPACTO],"",0)) -> Lesões graves, danos materiais | F13: =IF(Tabela1[[#This Row],[ATIVIDADE]]="","",_xlfn.XLOOKUP(Tabela1[[#This Row],[ATIVIDADE]],Tabela13[ATIVIDADE],Tabela13[RISCO],"",0)) -> Colisão | G13: =IF(Tabela1[[#This Row],[ATIVIDADE]]="","",_xlfn.XLOOKUP(Tabela1[[#This Row],[ATIVIDADE]],Tabela13[ATIVIDADE],Tabela13[SEVERI-DADE],"",0)) -> 4 | H13: =IF(Tabela1[[#This Row],[ATIVIDADE]]="","",_xlfn.XLOOKUP(Tabela1[[#This Row],[ATIVIDADE]],Tabela13[ATIVIDADE],Tabela13[PROBA-BILIDA-DE],"",0)) -> 3 | I13: =IFERROR(INDEX(Tabelas!$E$5:$I$9, MATCH(Tabela1[[#This Row],[PROBA-BILIDA-DE]], Tabelas!$D$5:$D$9, 0), MATCH(Tabela1[[#This Row],[SEVERI-DADE]], Tabelas!$E$4:$I$4, 0)),"") -> ³Alto (14) | J13: =IF(Tabela1[[#This Row],[ATIVIDADE]]="","",_xlfn.XLOOKUP(Tabela1[[#This Row],[ATIVIDADE]],Tabela13[ATIVIDADE],Tabela13[ELIMINAÇÃO],"",0)) -> Planejar rota | K13: =IF(Tabela1[[#This Row],[ATIVIDADE]]="","",_xlfn.XLOOKUP(Tabela1[[#This Row],[ATIVIDADE]],Tabela13[ATIVIDADE],Tabela13[SUBSTITUIÇÃO],"",0)) -> NAPL | L13: =IF(Tabela1[[#This Row],[ATIVIDADE]]="","",_xlfn.XLOOKUP(Tabela1[[#This Row],[ATIVIDADE]],Tabela13[ATIVIDADE],Tabela13[CONTROLES DE ENGENHARIA],"",0)) -> Limitação de velocidade; barreiras | M13: =IF(Tabela1[[#This Row],[ATIVIDADE]]="","",_xlfn.XLOOKUP(Tabela1[[#This Row],[ATIVIDADE]],Tabela13[ATIVIDADE],Tabela13[SINALIZAÇÃO/ ALERTAS E/OU CONTROLE ADM],"",0)) -> Sinalização de tráfego | N13: =IF(Tabela1[[#This Row],[ATIVIDADE]]="","",_xlfn.XLOOKUP(Tabela1[[#This Row],[ATIVIDADE]],Tabela13[ATIVIDADE],Tabela13[EPI],"",0)) -> Cinto de segurança | O13: =IF(Tabela1[[#This Row],[ATIVIDADE]]="","",_xlfn.XLOOKUP(Tabela1[[#This Row],[ATIVIDADE]],Tabela13[ATIVIDADE],Tabela13[SEVERI-DADE ],"",0)) -> 3 | P13: =IF(Tabela1[[#This Row],[ATIVIDADE]]="","",_xlfn.XLOOKUP(Tabela1[[#This Row],[ATIVIDADE]],Tabela13[ATIVIDADE],Tabela13[PROBA-BILIDA-DE ],"",0)) -> 1 | Q13: =IFERROR(INDEX(Tabelas!$E$5:$I$9, MATCH(Tabela1[[#This Row],[PROBA-BILIDA-DE ]], Tabelas!$D$5:$D$9, 0), MATCH(Tabela1[[#This Row],[SEVERI-DADE ]], Tabelas!$E$4:$I$4, 0)),"") -> ²Médio (3) | R13: =IF(Tabela1[[#This Row],[ATIVIDADE]]="","",_xlfn.XLOOKUP(Tabela1[[#This Row],[ATIVIDADE]],Tabela13[ATIVIDADE],Tabela13[CONTROLES ESPECÍFICOS],"",0)) -> Dirigir em baixa velocidade
B14: Área externa | C14: Deslocamento a pé (piso irregular) | D14: =IF(Tabela1[[#This Row],[ATIVIDADE]]="","",_xlfn.XLOOKUP(Tabela1[[#This Row],[ATIVIDADE]],Tabela13[ATIVIDADE],Tabela13[PERIGO],"",0)) -> Piso irregular | E14: =IF(Tabela1[[#This Row],[ATIVIDADE]]="","",_xlfn.XLOOKUP(Tabela1[[#This Row],[ATIVIDADE]],Tabela13[ATIVIDADE],Tabela13[DANOS / IMPACTO],"",0)) -> Escoriações, torções, fraturas leves | F14: =IF(Tabela1[[#This Row],[ATIVIDADE]]="","",_xlfn.XLOOKUP(Tabela1[[#This Row],[ATIVIDADE]],Tabela13[ATIVIDADE],Tabela13[RISCO],"",0)) -> Queda ao caminhar | G14: =IF(Tabela1[[#This Row],[ATIVIDADE]]="","",_xlfn.XLOOKUP(Tabela1[[#This Row],[ATIVIDADE]],Tabela13[ATIVIDADE],Tabela13[SEVERI-DADE],"",0)) -> 2 | H14: =IF(Tabela1[[#This Row],[ATIVIDADE]]="","",_xlfn.XLOOKUP(Tabela1[[#This Row],[ATIVIDADE]],Tabela13[ATIVIDADE],Tabela13[PROBA-BILIDA-DE],"",0)) -> 4 | I14: =IFERROR(INDEX(Tabelas!$E$5:$I$9, MATCH(Tabela1[[#This Row],[PROBA-BILIDA-DE]], Tabelas!$D$5:$D$9, 0), MATCH(Tabela1[[#This Row],[SEVERI-DADE]], Tabelas!$E$4:$I$4, 0)),"") -> ²Médio (17) | J14: =IF(Tabela1[[#This Row],[ATIVIDADE]]="","",_xlfn.XLOOKUP(Tabela1[[#This Row],[ATIVIDADE]],Tabela13[ATIVIDADE],Tabela13[ELIMINAÇÃO],"",0)) -> NAPL | K14: =IF(Tabela1[[#This Row],[ATIVIDADE]]="","",_xlfn.XLOOKUP(Tabela1[[#This Row],[ATIVIDADE]],Tabela13[ATIVIDADE],Tabela13[SUBSTITUIÇÃO],"",0)) -> NAPL | L14: =IF(Tabela1[[#This Row],[ATIVIDADE]]="","",_xlfn.XLOOKUP(Tabela1[[#This Row],[ATIVIDADE]],Tabela13[ATIVIDADE],Tabela13[CONTROLES DE ENGENHARIA],"",0)) -> Nivelamento de piso | M14: =IF(Tabela1[[#This Row],[ATIVIDADE]]="","",_xlfn.XLOOKUP(Tabela1[[#This Row],[ATIVIDADE]],Tabela13[ATIVIDADE],Tabela13[SINALIZAÇÃO/ ALERTAS E/OU CONTROLE ADM],"",0)) -> Inspeção visual; PEX/APR | N14: =IF(Tabela1[[#This Row],[ATIVIDADE]]="","",_xlfn.XLOOKUP(Tabela1[[#This Row],[ATIVIDADE]],Tabela13[ATIVIDADE],Tabela13[EPI],"",0)) -> Bota de segurança; capacete com jugular | O14: =IF(Tabela1[[#This Row],[ATIVIDADE]]="","",_xlfn.XLOOKUP(Tabela1[[#This Row],[ATIVIDADE]],Tabela13[ATIVIDADE],Tabela13[SEVERI-DADE ],"",0)) -> 2 | P14: =IF(Tabela1[[#This Row],[ATIVIDADE]]="","",_xlfn.XLOOKUP(Tabela1[[#This Row],[ATIVIDADE]],Tabela13[ATIVIDADE],Tabela13[PROBA-BILIDA-DE ],"",0)) -> 2 | Q14: =IFERROR(INDEX(Tabelas!$E$5:$I$9, MATCH(Tabela1[[#This Row],[PROBA-BILIDA-DE ]], Tabelas!$D$5:$D$9, 0), MATCH(Tabela1[[#This Row],[SEVERI-DADE ]], Tabelas!$E$4:$I$4, 0)),"") -> ¹Baixo (7) | R14: =IF(Tabela1[[#This Row],[ATIVIDADE]]="","",_xlfn.XLOOKUP(Tabela1[[#This Row],[ATIVIDADE]],Tabela13[ATIVIDADE],Tabela13[CONTROLES ESPECÍFICOS],"",0)) -> Movimentar-se atentamente
D15: =IF(Tabela1[[#This Row],[ATIVIDADE]]="","",_xlfn.XLOOKUP(Tabela1[[#This Row],[ATIVIDADE]],Tabela13[ATIVIDADE],Tabela13[PERIGO],"",0)) | E15: =IF(Tabela1[[#This Row],[ATIVIDADE]]="","",_xlfn.XLOOKUP(Tabela1[[#This Row],[ATIVIDADE]],Tabela13[ATIVIDADE],Tabela13[DANOS / IMPACTO],"",0)) | F15: =IF(Tabela1[[#This Row],[ATIVIDADE]]="","",_xlfn.XLOOKUP(Tabela1[[#This Row],[ATIVIDADE]],Tabela13[ATIVIDADE],Tabela13[RISCO],"",0)) | G15: =IF(Tabela1[[#This Row],[ATIVIDADE]]="","",_xlfn.XLOOKUP(Tabela1[[#This Row],[ATIVIDADE]],Tabela13[ATIVIDADE],Tabela13[SEVERI-DADE],"",0)) | H15: =IF(Tabela1[[#This Row],[ATIVIDADE]]="","",_xlfn.XLOOKUP(Tabela1[[#This Row],[ATIVIDADE]],Tabela13[ATIVIDADE],Tabela13[PROBA-BILIDA-DE],"",0)) | I15: =IFERROR(INDEX(Tabelas!$E$5:$I$9, MATCH(Tabela1[[#This Row],[PROBA-BILIDA-DE]], Tabelas!$D$5:$D$9, 0), MATCH(Tabela1[[#This Row],[SEVERI-DADE]], Tabelas!$E$4:$I$4, 0)),"") | J15: =IF(Tabela1[[#This Row],[ATIVIDADE]]="","",_xlfn.XLOOKUP(Tabela1[[#This Row],[ATIVIDADE]],Tabela13[ATIVIDADE],Tabela13[ELIMINAÇÃO],"",0)) | K15: =IF(Tabela1[[#This Row],[ATIVIDADE]]="","",_xlfn.XLOOKUP(Tabela1[[#This Row],[ATIVIDADE]],Tabela13[ATIVIDADE],Tabela13[SUBSTITUIÇÃO],"",0)) | L15: =IF(Tabela1[[#This Row],[ATIVIDADE]]="","",_xlfn.XLOOKUP(Tabela1[[#This Row],[ATIVIDADE]],Tabela13[ATIVIDADE],Tabela13[CONTROLES DE ENGENHARIA],"",0)) | M15: =IF(Tabela1[[#This Row],[ATIVIDADE]]="","",_xlfn.XLOOKUP(Tabela1[[#This Row],[ATIVIDADE]],Tabela13[ATIVIDADE],Tabela13[SINALIZAÇÃO/ ALERTAS E/OU CONTROLE ADM],"",0)) | N15: =IF(Tabela1[[#This Row],[ATIVIDADE]]="","",_xlfn.XLOOKUP(Tabela1[[#This Row],[ATIVIDADE]],Tabela13[ATIVIDADE],Tabela13[EPI],"",0)) | O15: =IF(Tabela1[[#This Row],[ATIVIDADE]]="","",_xlfn.XLOOKUP(Tabela1[[#This Row],[ATIVIDADE]],Tabela13[ATIVIDADE],Tabela13[SEVERI-DADE ],"",0)) | P15: =IF(Tabela1[[#This Row],[ATIVIDADE]]="","",_xlfn.XLOOKUP(Tabela1[[#This Row],[ATIVIDADE]],Tabela13[ATIVIDADE],Tabela13[PROBA-BILIDA-DE ],"",0)) | Q15: =IFERROR(INDEX(Tabelas!$E$5:$I$9, MATCH(Tabela1[[#This Row],[PROBA-BILIDA-DE ]], Tabelas!$D$5:$D$9, 0), MATCH(Tabela1[[#This Row],[SEVERI-DADE ]], Tabelas!$E$4:$I$4, 0)),"") | R15: =IF(Tabela1[[#This Row],[ATIVIDADE]]="","",_xlfn.XLOOKUP(Tabela1[[#This Row],[ATIVIDADE]],Tabela13[ATIVIDADE],Tabela13[CONTROLES ESPECÍFICOS],"",0))
D16: =IF(Tabela1[[#This Row],[ATIVIDADE]]="","",_xlfn.XLOOKUP(Tabela1[[#This Row],[ATIVIDADE]],Tabela13[ATIVIDADE],Tabela13[PERIGO],"",0)) | E16: =IF(Tabela1[[#This Row],[ATIVIDADE]]="","",_xlfn.XLOOKUP(Tabela1[[#This Row],[ATIVIDADE]],Tabela13[ATIVIDADE],Tabela13[DANOS / IMPACTO],"",0)) | F16: =IF(Tabela1[[#This Row],[ATIVIDADE]]="","",_xlfn.XLOOKUP(Tabela1[[#This Row],[ATIVIDADE]],Tabela13[ATIVIDADE],Tabela13[RISCO],"",0)) | G16: =IF(Tabela1[[#This Row],[ATIVIDADE]]="","",_xlfn.XLOOKUP(Tabela1[[#This Row],[ATIVIDADE]],Tabela13[ATIVIDADE],Tabela13[SEVERI-DADE],"",0)) | H16: =IF(Tabela1[[#This Row],[ATIVIDADE]]="","",_xlfn.XLOOKUP(Tabela1[[#This Row],[ATIVIDADE]],Tabela13[ATIVIDADE],Tabela13[PROBA-BILIDA-DE],"",0)) | I16: =IFERROR(INDEX(Tabelas!$E$5:$I$9, MATCH(Tabela1[[#This Row],[PROBA-BILIDA-DE]], Tabelas!$D$5:$D$9, 0), MATCH(Tabela1[[#This Row],[SEVERI-DADE]], Tabelas!$E$4:$I$4, 0)),"") | J16: =IF(Tabela1[[#This Row],[ATIVIDADE]]="","",_xlfn.XLOOKUP(Tabela1[[#This Row],[ATIVIDADE]],Tabela13[ATIVIDADE],Tabela13[ELIMINAÇÃO],"",0)) | K16: =IF(Tabela1[[#This Row],[ATIVIDADE]]="","",_xlfn.XLOOKUP(Tabela1[[#This Row],[ATIVIDADE]],Tabela13[ATIVIDADE],Tabela13[SUBSTITUIÇÃO],"",0)) | L16: =IF(Tabela1[[#This Row],[ATIVIDADE]]="","",_xlfn.XLOOKUP(Tabela1[[#This Row],[ATIVIDADE]],Tabela13[ATIVIDADE],Tabela13[CONTROLES DE ENGENHARIA],"",0)) | M16: =IF(Tabela1[[#This Row],[ATIVIDADE]]="","",_xlfn.XLOOKUP(Tabela1[[#This Row],[ATIVIDADE]],Tabela13[ATIVIDADE],Tabela13[SINALIZAÇÃO/ ALERTAS E/OU CONTROLE ADM],"",0)) | N16: =IF(Tabela1[[#This Row],[ATIVIDADE]]="","",_xlfn.XLOOKUP(Tabela1[[#This Row],[ATIVIDADE]],Tabela13[ATIVIDADE],Tabela13[EPI],"",0)) | O16: =IF(Tabela1[[#This Row],[ATIVIDADE]]="","",_xlfn.XLOOKUP(Tabela1[[#This Row],[ATIVIDADE]],Tabela13[ATIVIDADE],Tabela13[SEVERI-DADE ],"",0)) | P16: =IF(Tabela1[[#This Row],[ATIVIDADE]]="","",_xlfn.XLOOKUP(Tabela1[[#This Row],[ATIVIDADE]],Tabela13[ATIVIDADE],Tabela13[PROBA-BILIDA-DE ],"",0)) | Q16: =IFERROR(INDEX(Tabelas!$E$5:$I$9, MATCH(Tabela1[[#This Row],[PROBA-BILIDA-DE ]], Tabelas!$D$5:$D$9, 0), MATCH(Tabela1[[#This Row],[SEVERI-DADE ]], Tabelas!$E$4:$I$4, 0)),"") | R16: =IF(Tabela1[[#This Row],[ATIVIDADE]]="","",_xlfn.XLOOKUP(Tabela1[[#This Row],[ATIVIDADE]],Tabela13[ATIVIDADE],Tabela13[CONTROLES ESPECÍFICOS],"",0))
D17: =IF(Tabela1[[#This Row],[ATIVIDADE]]="","",_xlfn.XLOOKUP(Tabela1[[#This Row],[ATIVIDADE]],Tabela13[ATIVIDADE],Tabela13[PERIGO],"",0)) | E17: =IF(Tabela1[[#This Row],[ATIVIDADE]]="","",_xlfn.XLOOKUP(Tabela1[[#This Row],[ATIVIDADE]],Tabela13[ATIVIDADE],Tabela13[DANOS / IMPACTO],"",0)) | F17: =IF(Tabela1[[#This Row],[ATIVIDADE]]="","",_xlfn.XLOOKUP(Tabela1[[#This Row],[ATIVIDADE]],Tabela13[ATIVIDADE],Tabela13[RISCO],"",0)) | G17: =IF(Tabela1[[#This Row],[ATIVIDADE]]="","",_xlfn.XLOOKUP(Tabela1[[#This Row],[ATIVIDADE]],Tabela13[ATIVIDADE],Tabela13[SEVERI-DADE],"",0)) | H17: =IF(Tabela1[[#This Row],[ATIVIDADE]]="","",_xlfn.XLOOKUP(Tabela1[[#This Row],[ATIVIDADE]],Tabela13[ATIVIDADE],Tabela13[PROBA-BILIDA-DE],"",0)) | I17: =IFERROR(INDEX(Tabelas!$E$5:$I$9, MATCH(Tabela1[[#This Row],[PROBA-BILIDA-DE]], Tabelas!$D$5:$D$9, 0), MATCH(Tabela1[[#This Row],[SEVERI-DADE]], Tabelas!$E$4:$I$4, 0)),"") | J17: =IF(Tabela1[[#This Row],[ATIVIDADE]]="","",_xlfn.XLOOKUP(Tabela1[[#This Row],[ATIVIDADE]],Tabela13[ATIVIDADE],Tabela13[ELIMINAÇÃO],"",0)) | K17: =IF(Tabela1[[#This Row],[ATIVIDADE]]="","",_xlfn.XLOOKUP(Tabela1[[#This Row],[ATIVIDADE]],Tabela13[ATIVIDADE],Tabela13[SUBSTITUIÇÃO],"",0)) | L17: =IF(Tabela1[[#This Row],[ATIVIDADE]]="","",_xlfn.XLOOKUP(Tabela1[[#This Row],[ATIVIDADE]],Tabela13[ATIVIDADE],Tabela13[CONTROLES DE ENGENHARIA],"",0)) | M17: =IF(Tabela1[[#This Row],[ATIVIDADE]]="","",_xlfn.XLOOKUP(Tabela1[[#This Row],[ATIVIDADE]],Tabela13[ATIVIDADE],Tabela13[SINALIZAÇÃO/ ALERTAS E/OU CONTROLE ADM],"",0)) | N17: =IF(Tabela1[[#This Row],[ATIVIDADE]]="","",_xlfn.XLOOKUP(Tabela1[[#This Row],[ATIVIDADE]],Tabela13[ATIVIDADE],Tabela13[EPI],"",0)) | O17: =IF(Tabela1[[#This Row],[ATIVIDADE]]="","",_xlfn.XLOOKUP(Tabela1[[#This Row],[ATIVIDADE]],Tabela13[ATIVIDADE],Tabela13[SEVERI-DADE ],"",0)) | P17: =IF(Tabela1[[#This Row],[ATIVIDADE]]="","",_xlfn.XLOOKUP(Tabela1[[#This Row],[ATIVIDADE]],Tabela13[ATIVIDADE],Tabela13[PROBA-BILIDA-DE ],"",0)) | Q17: =IFERROR(INDEX(Tabelas!$E$5:$I$9, MATCH(Tabela1[[#This Row],[PROBA-BILIDA-DE ]], Tabelas!$D$5:$D$9, 0), MATCH(Tabela1[[#This Row],[SEVERI-DADE ]], Tabelas!$E$4:$I$4, 0)),"") | R17: =IF(Tabela1[[#This Row],[ATIVIDADE]]="","",_xlfn.XLOOKUP(Tabela1[[#This Row],[ATIVIDADE]],Tabela13[ATIVIDADE],Tabela13[CONTROLES ESPECÍFICOS],"",0))
D18: =IF(Tabela1[[#This Row],[ATIVIDADE]]="","",_xlfn.XLOOKUP(Tabela1[[#This Row],[ATIVIDADE]],Tabela13[ATIVIDADE],Tabela13[PERIGO],"",0)) | E18: =IF(Tabela1[[#This Row],[ATIVIDADE]]="","",_xlfn.XLOOKUP(Tabela1[[#This Row],[ATIVIDADE]],Tabela13[ATIVIDADE],Tabela13[DANOS / IMPACTO],"",0)) | F18: =IF(Tabela1[[#This Row],[ATIVIDADE]]="","",_xlfn.XLOOKUP(Tabela1[[#This Row],[ATIVIDADE]],Tabela13[ATIVIDADE],Tabela13[RISCO],"",0)) | G18: =IF(Tabela1[[#This Row],[ATIVIDADE]]="","",_xlfn.XLOOKUP(Tabela1[[#This Row],[ATIVIDADE]],Tabela13[ATIVIDADE],Tabela13[SEVERI-DADE],"",0)) | H18: =IF(Tabela1[[#This Row],[ATIVIDADE]]="","",_xlfn.XLOOKUP(Tabela1[[#This Row],[ATIVIDADE]],Tabela13[ATIVIDADE],Tabela13[PROBA-BILIDA-DE],"",0)) | I18: =IFERROR(INDEX(Tabelas!$E$5:$I$9, MATCH(Tabela1[[#This Row],[PROBA-BILIDA-DE]], Tabelas!$D$5:$D$9, 0), MATCH(Tabela1[[#This Row],[SEVERI-DADE]], Tabelas!$E$4:$I$4, 0)),"") | J18: =IF(Tabela1[[#This Row],[ATIVIDADE]]="","",_xlfn.XLOOKUP(Tabela1[[#This Row],[ATIVIDADE]],Tabela13[ATIVIDADE],Tabela13[ELIMINAÇÃO],"",0)) | K18: =IF(Tabela1[[#This Row],[ATIVIDADE]]="","",_xlfn.XLOOKUP(Tabela1[[#This Row],[ATIVIDADE]],Tabela13[ATIVIDADE],Tabela13[SUBSTITUIÇÃO],"",0)) | L18: =IF(Tabela1[[#This Row],[ATIVIDADE]]="","",_xlfn.XLOOKUP(Tabela1[[#This Row],[ATIVIDADE]],Tabela13[ATIVIDADE],Tabela13[CONTROLES DE ENGENHARIA],"",0)) | M18: =IF(Tabela1[[#This Row],[ATIVIDADE]]="","",_xlfn.XLOOKUP(Tabela1[[#This Row],[ATIVIDADE]],Tabela13[ATIVIDADE],Tabela13[SINALIZAÇÃO/ ALERTAS E/OU CONTROLE ADM],"",0)) | N18: =IF(Tabela1[[#This Row],[ATIVIDADE]]="","",_xlfn.XLOOKUP(Tabela1[[#This Row],[ATIVIDADE]],Tabela13[ATIVIDADE],Tabela13[EPI],"",0)) | O18: =IF(Tabela1[[#This Row],[ATIVIDADE]]="","",_xlfn.XLOOKUP(Tabela1[[#This Row],[ATIVIDADE]],Tabela13[ATIVIDADE],Tabela13[SEVERI-DADE ],"",0)) | P18: =IF(Tabela1[[#This Row],[ATIVIDADE]]="","",_xlfn.XLOOKUP(Tabela1[[#This Row],[ATIVIDADE]],Tabela13[ATIVIDADE],Tabela13[PROBA-BILIDA-DE ],"",0)) | Q18: =IFERROR(INDEX(Tabelas!$E$5:$I$9, MATCH(Tabela1[[#This Row],[PROBA-BILIDA-DE ]], Tabelas!$D$5:$D$9, 0), MATCH(Tabela1[[#This Row],[SEVERI-DADE ]], Tabelas!$E$4:$I$4, 0)),"") | R18: =IF(Tabela1[[#This Row],[ATIVIDADE]]="","",_xlfn.XLOOKUP(Tabela1[[#This Row],[ATIVIDADE]],Tabela13[ATIVIDADE],Tabela13[CONTROLES ESPECÍFICOS],"",0))
D19: =IF(Tabela1[[#This Row],[ATIVIDADE]]="","",_xlfn.XLOOKUP(Tabela1[[#This Row],[ATIVIDADE]],Tabela13[ATIVIDADE],Tabela13[PERIGO],"",0)) | E19: =IF(Tabela1[[#This Row],[ATIVIDADE]]="","",_xlfn.XLOOKUP(Tabela1[[#This Row],[ATIVIDADE]],Tabela13[ATIVIDADE],Tabela13[DANOS / IMPACTO],"",0)) | F19: =IF(Tabela1[[#This Row],[ATIVIDADE]]="","",_xlfn.XLOOKUP(Tabela1[[#This Row],[ATIVIDADE]],Tabela13[ATIVIDADE],Tabela13[RISCO],"",0)) | G19: =IF(Tabela1[[#This Row],[ATIVIDADE]]="","",_xlfn.XLOOKUP(Tabela1[[#This Row],[ATIVIDADE]],Tabela13[ATIVIDADE],Tabela13[SEVERI-DADE],"",0)) | H19: =IF(Tabela1[[#This Row],[ATIVIDADE]]="","",_xlfn.XLOOKUP(Tabela1[[#This Row],[ATIVIDADE]],Tabela13[ATIVIDADE],Tabela13[PROBA-BILIDA-DE],"",0)) | I19: =IFERROR(INDEX(Tabelas!$E$5:$I$9, MATCH(Tabela1[[#This Row],[PROBA-BILIDA-DE]], Tabelas!$D$5:$D$9, 0), MATCH(Tabela1[[#This Row],[SEVERI-DADE]], Tabelas!$E$4:$I$4, 0)),"") | J19: =IF(Tabela1[[#This Row],[ATIVIDADE]]="","",_xlfn.XLOOKUP(Tabela1[[#This Row],[ATIVIDADE]],Tabela13[ATIVIDADE],Tabela13[ELIMINAÇÃO],"",0)) | K19: =IF(Tabela1[[#This Row],[ATIVIDADE]]="","",_xlfn.XLOOKUP(Tabela1[[#This Row],[ATIVIDADE]],Tabela13[ATIVIDADE],Tabela13[SUBSTITUIÇÃO],"",0)) | L19: =IF(Tabela1[[#This Row],[ATIVIDADE]]="","",_xlfn.XLOOKUP(Tabela1[[#This Row],[ATIVIDADE]],Tabela13[ATIVIDADE],Tabela13[CONTROLES DE ENGENHARIA],"",0)) | M19: =IF(Tabela1[[#This Row],[ATIVIDADE]]="","",_xlfn.XLOOKUP(Tabela1[[#This Row],[ATIVIDADE]],Tabela13[ATIVIDADE],Tabela13[SINALIZAÇÃO/ ALERTAS E/OU CONTROLE ADM],"",0)) | N19: =IF(Tabela1[[#This Row],[ATIVIDADE]]="","",_xlfn.XLOOKUP(Tabela1[[#This Row],[ATIVIDADE]],Tabela13[ATIVIDADE],Tabela13[EPI],"",0)) | O19: =IF(Tabela1[[#This Row],[ATIVIDADE]]="","",_xlfn.XLOOKUP(Tabela1[[#This Row],[ATIVIDADE]],Tabela13[ATIVIDADE],Tabela13[SEVERI-DADE ],"",0)) | P19: =IF(Tabela1[[#This Row],[ATIVIDADE]]="","",_xlfn.XLOOKUP(Tabela1[[#This Row],[ATIVIDADE]],Tabela13[ATIVIDADE],Tabela13[PROBA-BILIDA-DE ],"",0)) | Q19: =IFERROR(INDEX(Tabelas!$E$5:$I$9, MATCH(Tabela1[[#This Row],[PROBA-BILIDA-DE ]], Tabelas!$D$5:$D$9, 0), MATCH(Tabela1[[#This Row],[SEVERI-DADE ]], Tabelas!$E$4:$I$4, 0)),"") | R19: =IF(Tabela1[[#This Row],[ATIVIDADE]]="","",_xlfn.XLOOKUP(Tabela1[[#This Row],[ATIVIDADE]],Tabela13[ATIVIDADE],Tabela13[CONTROLES ESPECÍFICOS],"",0))
D20: =IF(Tabela1[[#This Row],[ATIVIDADE]]="","",_xlfn.XLOOKUP(Tabela1[[#This Row],[ATIVIDADE]],Tabela13[ATIVIDADE],Tabela13[PERIGO],"",0)) | E20: =IF(Tabela1[[#This Row],[ATIVIDADE]]="","",_xlfn.XLOOKUP(Tabela1[[#This Row],[ATIVIDADE]],Tabela13[ATIVIDADE],Tabela13[DANOS / IMPACTO],"",0)) | F20: =IF(Tabela1[[#This Row],[ATIVIDADE]]="","",_xlfn.XLOOKUP(Tabela1[[#This Row],[ATIVIDADE]],Tabela13[ATIVIDADE],Tabela13[RISCO],"",0)) | G20: =IF(Tabela1[[#This Row],[ATIVIDADE]]="","",_xlfn.XLOOKUP(Tabela1[[#This Row],[ATIVIDADE]],Tabela13[ATIVIDADE],Tabela13[SEVERI-DADE],"",0)) | H20: =IF(Tabela1[[#This Row],[ATIVIDADE]]="","",_xlfn.XLOOKUP(Tabela1[[#This Row],[ATIVIDADE]],Tabela13[ATIVIDADE],Tabela13[PROBA-BILIDA-DE],"",0)) | I20: =IFERROR(INDEX(Tabelas!$E$5:$I$9, MATCH(Tabela1[[#This Row],[PROBA-BILIDA-DE]], Tabelas!$D$5:$D$9, 0), MATCH(Tabela1[[#This Row],[SEVERI-DADE]], Tabelas!$E$4:$I$4, 0)),"") | J20: =IF(Tabela1[[#This Row],[ATIVIDADE]]="","",_xlfn.XLOOKUP(Tabela1[[#This Row],[ATIVIDADE]],Tabela13[ATIVIDADE],Tabela13[ELIMINAÇÃO],"",0)) | K20: =IF(Tabela1[[#This Row],[ATIVIDADE]]="","",_xlfn.XLOOKUP(Tabela1[[#This Row],[ATIVIDADE]],Tabela13[ATIVIDADE],Tabela13[SUBSTITUIÇÃO],"",0)) | L20: =IF(Tabela1[[#This Row],[ATIVIDADE]]="","",_xlfn.XLOOKUP(Tabela1[[#This Row],[ATIVIDADE]],Tabela13[ATIVIDADE],Tabela13[CONTROLES DE ENGENHARIA],"",0)) | M20: =IF(Tabela1[[#This Row],[ATIVIDADE]]="","",_xlfn.XLOOKUP(Tabela1[[#This Row],[ATIVIDADE]],Tabela13[ATIVIDADE],Tabela13[SINALIZAÇÃO/ ALERTAS E/OU CONTROLE ADM],"",0)) | N20: =IF(Tabela1[[#This Row],[ATIVIDADE]]="","",_xlfn.XLOOKUP(Tabela1[[#This Row],[ATIVIDADE]],Tabela13[ATIVIDADE],Tabela13[EPI],"",0)) | O20: =IF(Tabela1[[#This Row],[ATIVIDADE]]="","",_xlfn.XLOOKUP(Tabela1[[#This Row],[ATIVIDADE]],Tabela13[ATIVIDADE],Tabela13[SEVERI-DADE ],"",0)) | P20: =IF(Tabela1[[#This Row],[ATIVIDADE]]="","",_xlfn.XLOOKUP(Tabela1[[#This Row],[ATIVIDADE]],Tabela13[ATIVIDADE],Tabela13[PROBA-BILIDA-DE ],"",0)) | Q20: =IFERROR(INDEX(Tabelas!$E$5:$I$9, MATCH(Tabela1[[#This Row],[PROBA-BILIDA-DE ]], Tabelas!$D$5:$D$9, 0), MATCH(Tabela1[[#This Row],[SEVERI-DADE ]], Tabelas!$E$4:$I$4, 0)),"") | R20: =IF(Tabela1[[#This Row],[ATIVIDADE]]="","",_xlfn.XLOOKUP(Tabela1[[#This Row],[ATIVIDADE]],Tabela13[ATIVIDADE],Tabela13[CONTROLES ESPECÍFICOS],"",0))
D21: =IF(Tabela1[[#This Row],[ATIVIDADE]]="","",_xlfn.XLOOKUP(Tabela1[[#This Row],[ATIVIDADE]],Tabela13[ATIVIDADE],Tabela13[PERIGO],"",0)) | E21: =IF(Tabela1[[#This Row],[ATIVIDADE]]="","",_xlfn.XLOOKUP(Tabela1[[#This Row],[ATIVIDADE]],Tabela13[ATIVIDADE],Tabela13[DANOS / IMPACTO],"",0)) | F21: =IF(Tabela1[[#This Row],[ATIVIDADE]]="","",_xlfn.XLOOKUP(Tabela1[[#This Row],[ATIVIDADE]],Tabela13[ATIVIDADE],Tabela13[RISCO],"",0)) | G21: =IF(Tabela1[[#This Row],[ATIVIDADE]]="","",_xlfn.XLOOKUP(Tabela1[[#This Row],[ATIVIDADE]],Tabela13[ATIVIDADE],Tabela13[SEVERI-DADE],"",0)) | H21: =IF(Tabela1[[#This Row],[ATIVIDADE]]="","",_xlfn.XLOOKUP(Tabela1[[#This Row],[ATIVIDADE]],Tabela13[ATIVIDADE],Tabela13[PROBA-BILIDA-DE],"",0)) | I21: =IFERROR(INDEX(Tabelas!$E$5:$I$9, MATCH(Tabela1[[#This Row],[PROBA-BILIDA-DE]], Tabelas!$D$5:$D$9, 0), MATCH(Tabela1[[#This Row],[SEVERI-DADE]], Tabelas!$E$4:$I$4, 0)),"") | J21: =IF(Tabela1[[#This Row],[ATIVIDADE]]="","",_xlfn.XLOOKUP(Tabela1[[#This Row],[ATIVIDADE]],Tabela13[ATIVIDADE],Tabela13[ELIMINAÇÃO],"",0)) | K21: =IF(Tabela1[[#This Row],[ATIVIDADE]]="","",_xlfn.XLOOKUP(Tabela1[[#This Row],[ATIVIDADE]],Tabela13[ATIVIDADE],Tabela13[SUBSTITUIÇÃO],"",0)) | L21: =IF(Tabela1[[#This Row],[ATIVIDADE]]="","",_xlfn.XLOOKUP(Tabela1[[#This Row],[ATIVIDADE]],Tabela13[ATIVIDADE],Tabela13[CONTROLES DE ENGENHARIA],"",0)) | M21: =IF(Tabela1[[#This Row],[ATIVIDADE]]="","",_xlfn.XLOOKUP(Tabela1[[#This Row],[ATIVIDADE]],Tabela13[ATIVIDADE],Tabela13[SINALIZAÇÃO/ ALERTAS E/OU CONTROLE ADM],"",0)) | N21: =IF(Tabela1[[#This Row],[ATIVIDADE]]="","",_xlfn.XLOOKUP(Tabela1[[#This Row],[ATIVIDADE]],Tabela13[ATIVIDADE],Tabela13[EPI],"",0)) | O21: =IF(Tabela1[[#This Row],[ATIVIDADE]]="","",_xlfn.XLOOKUP(Tabela1[[#This Row],[ATIVIDADE]],Tabela13[ATIVIDADE],Tabela13[SEVERI-DADE ],"",0)) | P21: =IF(Tabela1[[#This Row],[ATIVIDADE]]="","",_xlfn.XLOOKUP(Tabela1[[#This Row],[ATIVIDADE]],Tabela13[ATIVIDADE],Tabela13[PROBA-BILIDA-DE ],"",0)) | Q21: =IFERROR(INDEX(Tabelas!$E$5:$I$9, MATCH(Tabela1[[#This Row],[PROBA-BILIDA-DE ]], Tabelas!$D$5:$D$9, 0), MATCH(Tabela1[[#This Row],[SEVERI-DADE ]], Tabelas!$E$4:$I$4, 0)),"") | R21: =IF(Tabela1[[#This Row],[ATIVIDADE]]="","",_xlfn.XLOOKUP(Tabela1[[#This Row],[ATIVIDADE]],Tabela13[ATIVIDADE],Tabela13[CONTROLES ESPECÍFICOS],"",0))
D22: =IF(Tabela1[[#This Row],[ATIVIDADE]]="","",_xlfn.XLOOKUP(Tabela1[[#This Row],[ATIVIDADE]],Tabela13[ATIVIDADE],Tabela13[PERIGO],"",0)) | E22: =IF(Tabela1[[#This Row],[ATIVIDADE]]="","",_xlfn.XLOOKUP(Tabela1[[#This Row],[ATIVIDADE]],Tabela13[ATIVIDADE],Tabela13[DANOS / IMPACTO],"",0)) | F22: =IF(Tabela1[[#This Row],[ATIVIDADE]]="","",_xlfn.XLOOKUP(Tabela1[[#This Row],[ATIVIDADE]],Tabela13[ATIVIDADE],Tabela13[RISCO],"",0)) | G22: =IF(Tabela1[[#This Row],[ATIVIDADE]]="","",_xlfn.XLOOKUP(Tabela1[[#This Row],[ATIVIDADE]],Tabela13[ATIVIDADE],Tabela13[SEVERI-DADE],"",0)) | H22: =IF(Tabela1[[#This Row],[ATIVIDADE]]="","",_xlfn.XLOOKUP(Tabela1[[#This Row],[ATIVIDADE]],Tabela13[ATIVIDADE],Tabela13[PROBA-BILIDA-DE],"",0)) | I22: =IFERROR(INDEX(Tabelas!$E$5:$I$9, MATCH(Tabela1[[#This Row],[PROBA-BILIDA-DE]], Tabelas!$D$5:$D$9, 0), MATCH(Tabela1[[#This Row],[SEVERI-DADE]], Tabelas!$E$4:$I$4, 0)),"") | J22: =IF(Tabela1[[#This Row],[ATIVIDADE]]="","",_xlfn.XLOOKUP(Tabela1[[#This Row],[ATIVIDADE]],Tabela13[ATIVIDADE],Tabela13[ELIMINAÇÃO],"",0)) | K22: =IF(Tabela1[[#This Row],[ATIVIDADE]]="","",_xlfn.XLOOKUP(Tabela1[[#This Row],[ATIVIDADE]],Tabela13[ATIVIDADE],Tabela13[SUBSTITUIÇÃO],"",0)) | L22: =IF(Tabela1[[#This Row],[ATIVIDADE]]="","",_xlfn.XLOOKUP(Tabela1[[#This Row],[ATIVIDADE]],Tabela13[ATIVIDADE],Tabela13[CONTROLES DE ENGENHARIA],"",0)) | M22: =IF(Tabela1[[#This Row],[ATIVIDADE]]="","",_xlfn.XLOOKUP(Tabela1[[#This Row],[ATIVIDADE]],Tabela13[ATIVIDADE],Tabela13[SINALIZAÇÃO/ ALERTAS E/OU CONTROLE ADM],"",0)) | N22: =IF(Tabela1[[#This Row],[ATIVIDADE]]="","",_xlfn.XLOOKUP(Tabela1[[#This Row],[ATIVIDADE]],Tabela13[ATIVIDADE],Tabela13[EPI],"",0)) | O22: =IF(Tabela1[[#This Row],[ATIVIDADE]]="","",_xlfn.XLOOKUP(Tabela1[[#This Row],[ATIVIDADE]],Tabela13[ATIVIDADE],Tabela13[SEVERI-DADE ],"",0)) | P22: =IF(Tabela1[[#This Row],[ATIVIDADE]]="","",_xlfn.XLOOKUP(Tabela1[[#This Row],[ATIVIDADE]],Tabela13[ATIVIDADE],Tabela13[PROBA-BILIDA-DE ],"",0)) | Q22: =IFERROR(INDEX(Tabelas!$E$5:$I$9, MATCH(Tabela1[[#This Row],[PROBA-BILIDA-DE ]], Tabelas!$D$5:$D$9, 0), MATCH(Tabela1[[#This Row],[SEVERI-DADE ]], Tabelas!$E$4:$I$4, 0)),"") | R22: =IF(Tabela1[[#This Row],[ATIVIDADE]]="","",_xlfn.XLOOKUP(Tabela1[[#This Row],[ATIVIDADE]],Tabela13[ATIVIDADE],Tabela13[CONTROLES ESPECÍFICOS],"",0))
D23: =IF(Tabela1[[#This Row],[ATIVIDADE]]="","",_xlfn.XLOOKUP(Tabela1[[#This Row],[ATIVIDADE]],Tabela13[ATIVIDADE],Tabela13[PERIGO],"",0)) | E23: =IF(Tabela1[[#This Row],[ATIVIDADE]]="","",_xlfn.XLOOKUP(Tabela1[[#This Row],[ATIVIDADE]],Tabela13[ATIVIDADE],Tabela13[DANOS / IMPACTO],"",0)) | F23: =IF(Tabela1[[#This Row],[ATIVIDADE]]="","",_xlfn.XLOOKUP(Tabela1[[#This Row],[ATIVIDADE]],Tabela13[ATIVIDADE],Tabela13[RISCO],"",0)) | G23: =IF(Tabela1[[#This Row],[ATIVIDADE]]="","",_xlfn.XLOOKUP(Tabela1[[#This Row],[ATIVIDADE]],Tabela13[ATIVIDADE],Tabela13[SEVERI-DADE],"",0)) | H23: =IF(Tabela1[[#This Row],[ATIVIDADE]]="","",_xlfn.XLOOKUP(Tabela1[[#This Row],[ATIVIDADE]],Tabela13[ATIVIDADE],Tabela13[PROBA-BILIDA-DE],"",0)) | I23: =IFERROR(INDEX(Tabelas!$E$5:$I$9, MATCH(Tabela1[[#This Row],[PROBA-BILIDA-DE]], Tabelas!$D$5:$D$9, 0), MATCH(Tabela1[[#This Row],[SEVERI-DADE]], Tabelas!$E$4:$I$4, 0)),"") | J23: =IF(Tabela1[[#This Row],[ATIVIDADE]]="","",_xlfn.XLOOKUP(Tabela1[[#This Row],[ATIVIDADE]],Tabela13[ATIVIDADE],Tabela13[ELIMINAÇÃO],"",0)) | K23: =IF(Tabela1[[#This Row],[ATIVIDADE]]="","",_xlfn.XLOOKUP(Tabela1[[#This Row],[ATIVIDADE]],Tabela13[ATIVIDADE],Tabela13[SUBSTITUIÇÃO],"",0)) | L23: =IF(Tabela1[[#This Row],[ATIVIDADE]]="","",_xlfn.XLOOKUP(Tabela1[[#This Row],[ATIVIDADE]],Tabela13[ATIVIDADE],Tabela13[CONTROLES DE ENGENHARIA],"",0)) | M23: =IF(Tabela1[[#This Row],[ATIVIDADE]]="","",_xlfn.XLOOKUP(Tabela1[[#This Row],[ATIVIDADE]],Tabela13[ATIVIDADE],Tabela13[SINALIZAÇÃO/ ALERTAS E/OU CONTROLE ADM],"",0)) | N23: =IF(Tabela1[[#This Row],[ATIVIDADE]]="","",_xlfn.XLOOKUP(Tabela1[[#This Row],[ATIVIDADE]],Tabela13[ATIVIDADE],Tabela13[EPI],"",0)) | O23: =IF(Tabela1[[#This Row],[ATIVIDADE]]="","",_xlfn.XLOOKUP(Tabela1[[#This Row],[ATIVIDADE]],Tabela13[ATIVIDADE],Tabela13[SEVERI-DADE ],"",0)) | P23: =IF(Tabela1[[#This Row],[ATIVIDADE]]="","",_xlfn.XLOOKUP(Tabela1[[#This Row],[ATIVIDADE]],Tabela13[ATIVIDADE],Tabela13[PROBA-BILIDA-DE ],"",0)) | Q23: =IFERROR(INDEX(Tabelas!$E$5:$I$9, MATCH(Tabela1[[#This Row],[PROBA-BILIDA-DE ]], Tabelas!$D$5:$D$9, 0), MATCH(Tabela1[[#This Row],[SEVERI-DADE ]], Tabelas!$E$4:$I$4, 0)),"") | R23: =IF(Tabela1[[#This Row],[ATIVIDADE]]="","",_xlfn.XLOOKUP(Tabela1[[#This Row],[ATIVIDADE]],Tabela13[ATIVIDADE],Tabela13[CONTROLES ESPECÍFICOS],"",0))
D24: =IF(Tabela1[[#This Row],[ATIVIDADE]]="","",_xlfn.XLOOKUP(Tabela1[[#This Row],[ATIVIDADE]],Tabela13[ATIVIDADE],Tabela13[PERIGO],"",0)) | E24: =IF(Tabela1[[#This Row],[ATIVIDADE]]="","",_xlfn.XLOOKUP(Tabela1[[#This Row],[ATIVIDADE]],Tabela13[ATIVIDADE],Tabela13[DANOS / IMPACTO],"",0)) | F24: =IF(Tabela1[[#This Row],[ATIVIDADE]]="","",_xlfn.XLOOKUP(Tabela1[[#This Row],[ATIVIDADE]],Tabela13[ATIVIDADE],Tabela13[RISCO],"",0)) | G24: =IF(Tabela1[[#This Row],[ATIVIDADE]]="","",_xlfn.XLOOKUP(Tabela1[[#This Row],[ATIVIDADE]],Tabela13[ATIVIDADE],Tabela13[SEVERI-DADE],"",0)) | H24: =IF(Tabela1[[#This Row],[ATIVIDADE]]="","",_xlfn.XLOOKUP(Tabela1[[#This Row],[ATIVIDADE]],Tabela13[ATIVIDADE],Tabela13[PROBA-BILIDA-DE],"",0)) | I24: =IFERROR(INDEX(Tabelas!$E$5:$I$9, MATCH(Tabela1[[#This Row],[PROBA-BILIDA-DE]], Tabelas!$D$5:$D$9, 0), MATCH(Tabela1[[#This Row],[SEVERI-DADE]], Tabelas!$E$4:$I$4, 0)),"") | J24: =IF(Tabela1[[#This Row],[ATIVIDADE]]="","",_xlfn.XLOOKUP(Tabela1[[#This Row],[ATIVIDADE]],Tabela13[ATIVIDADE],Tabela13[ELIMINAÇÃO],"",0)) | K24: =IF(Tabela1[[#This Row],[ATIVIDADE]]="","",_xlfn.XLOOKUP(Tabela1[[#This Row],[ATIVIDADE]],Tabela13[ATIVIDADE],Tabela13[SUBSTITUIÇÃO],"",0)) | L24: =IF(Tabela1[[#This Row],[ATIVIDADE]]="","",_xlfn.XLOOKUP(Tabela1[[#This Row],[ATIVIDADE]],Tabela13[ATIVIDADE],Tabela13[CONTROLES DE ENGENHARIA],"",0)) | M24: =IF(Tabela1[[#This Row],[ATIVIDADE]]="","",_xlfn.XLOOKUP(Tabela1[[#This Row],[ATIVIDADE]],Tabela13[ATIVIDADE],Tabela13[SINALIZAÇÃO/ ALERTAS E/OU CONTROLE ADM],"",0)) | N24: =IF(Tabela1[[#This Row],[ATIVIDADE]]="","",_xlfn.XLOOKUP(Tabela1[[#This Row],[ATIVIDADE]],Tabela13[ATIVIDADE],Tabela13[EPI],"",0)) | O24: =IF(Tabela1[[#This Row],[ATIVIDADE]]="","",_xlfn.XLOOKUP(Tabela1[[#This Row],[ATIVIDADE]],Tabela13[ATIVIDADE],Tabela13[SEVERI-DADE ],"",0)) | P24: =IF(Tabela1[[#This Row],[ATIVIDADE]]="","",_xlfn.XLOOKUP(Tabela1[[#This Row],[ATIVIDADE]],Tabela13[ATIVIDADE],Tabela13[PROBA-BILIDA-DE ],"",0)) | Q24: =IFERROR(INDEX(Tabelas!$E$5:$I$9, MATCH(Tabela1[[#This Row],[PROBA-BILIDA-DE ]], Tabelas!$D$5:$D$9, 0), MATCH(Tabela1[[#This Row],[SEVERI-DADE ]], Tabelas!$E$4:$I$4, 0)),"") | R24: =IF(Tabela1[[#This Row],[ATIVIDADE]]="","",_xlfn.XLOOKUP(Tabela1[[#This Row],[ATIVIDADE]],Tabela13[ATIVIDADE],Tabela13[CONTROLES ESPECÍFICOS],"",0))

Sheet Croqui
I2: CROQUI | AO2: =PEX!AO2 -> SI | AS2: =PEX!AS2 -> 00012345/25H
I3: Croqui de Aterramento Temporário
AO4: Data | AS4: =PEX!H13 -> 45996
B63: Observação: Os aterramentos serão instalados/retirados no decorrer da intervenção.
B64: Quantidade Total de Aterramentos | Q64: Legenda:
F65: 6 | H65: unidades
B67: Responsável pela Intervenção: | W67: Matrícula: | AG67: Assinatura:
B68: =PEX!H8 -> DOUGLAS HIGINO DOS SANTOS | W68: =PEX!AG8 -> 268186

Sheet Controle P.Crítico
D2: VERIFICAÇÃO | J2: =PEX!AO2 -> SI | K2: =PEX!AS2 -> 00012345/25H
D3: Controle de Pontos Críticos da Intervenção
J4: DATA | K4: =PEX!H13 -> 45996
B6: Tipo do Ponto Crítico | C6: Item | D6: Ponto Crítico | E6: Responsável | F6: Verificador | G6: Controlar p/ fase? | H6: # | I6: Horário | J6: Horário fase A | K6: Horário fase B | L6: Horário fase C
B7: Segurança de Pessoas | C7: 1 | D7: CONFIRMAR AUSÊNCIA DE TENSÃO | G7: FALSE | H7: =IF(AND(Tabela138[[#This Row],[Item]]<>"",LEN(Tabela138[[#This Row],[Item]])<3),1,"") -> 1 | I7: ="___:___" -> ___:___ | J7: ="___:___" -> ___:___ | K7: ="___:___" -> ___:___ | L7: ="___:___" -> ___:___
C8: =IF(B8<>"", IF(IFERROR(FIND(".", C7),0)>0, VALUE(LEFT(C7, FIND(".", C7)-1))+1, VALUE(C7)+1), IF(IFERROR(FIND(".", C7),0)>0, LEFT(C7, FIND(".", C7)) & (VALUE(RIGHT(C7, LEN(C7) - FIND(".", C7)))+1), C7 & ".1" ) ) -> 1.1 | D8: Usar bastão isolante para aproximar detector a ponto energizado e testar funcionamento | G8: FALSE | H8: =IF(AND(Tabela138[[#This Row],[Item]]<>"",LEN(Tabela138[[#This Row],[Item]])<3),1,"") | I8: ="___:___" -> ___:___ | J8: ="___:___" -> ___:___ | K8: ="___:___" -> ___:___ | L8: ="___:___" -> ___:___
C9: =IF(B9<>"", IF(IFERROR(FIND(".", C8),0)>0, VALUE(LEFT(C8, FIND(".", C8)-1))+1, VALUE(C8)+1), IF(IFERROR(FIND(".", C8),0)>0, LEFT(C8, FIND(".", C8)) & (VALUE(RIGHT(C8, LEN(C8) - FIND(".", C8)))+1), C8 & ".1" ) ) -> 1.2 | D9: Aproximar detector a cada condutor das fases a serem aterradas | G9: TRUE | H9: =IF(AND(Tabela138[[#This Row],[Item]]<>"",LEN(Tabela138[[#This Row],[Item]])<3),1,"") | I9: ="___:___" -> ___:___ | J9: ="___:___" -> ___:___ | K9: ="___:___" -> ___:___ | L9: ="___:___" -> ___:___
C10: =IF(B10<>"", IF(IFERROR(FIND(".", C9),0)>0, VALUE(LEFT(C9, FIND(".", C9)-1))+1, VALUE(C9)+1), IF(IFERROR(FIND(".", C9),0)>0, LEFT(C9, FIND(".", C9)) & (VALUE(RIGHT(C9, LEN(C9) - FIND(".", C9)))+1), C9 & ".1" ) ) -> 1.3 | D10: Reaproximar detector a ponto energizado para reconfirmar funcionamento | G10: FALSE | H10: =IF(AND(Tabela138[[#This Row],[Item]]<>"",LEN(Tabela138[[#This Row],[Item]])<3),1,"") | I10: ="___:___" -> ___:___ | J10: ="___:___" -> ___:___ | K10: ="___:___" -> ___:___ | L10: ="___:___" -> ___:___
B11: Segurança de Pessoas / Sistema | C11: =IF(B11<>"", IF(IFERROR(FIND(".", C10),0)>0, VALUE(LEFT(C10, FIND(".", C10)-1))+1, VALUE(C10)+1), IF(IFERROR(FIND(".", C10),0)>0, LEFT(C10, FIND(".", C10)) & (VALUE(RIGHT(C10, LEN(C10) - FIND(".", C10)))+1), C10 & ".1" ) ) -> 2 | D11: INSTALAÇÃO DO ATERRAMENTO MÓVEL TEMPORÁRIO | G11: FALSE | H11: =IF(AND(Tabela138[[#This Row],[Item]]<>"",LEN(Tabela138[[#This Row],[Item]])<3),1,"") -> 1 | I11: ="___:___" -> ___:___ | J11: ="___:___" -> ___:___ | K11: ="___:___" -> ___:___ | L11: ="___:___" -> ___:___
C12: =IF(B12<>"", IF(IFERROR(FIND(".", C11),0)>0, VALUE(LEFT(C11, FIND(".", C11)-1))+1, VALUE(C11)+1), IF(IFERROR(FIND(".", C11),0)>0, LEFT(C11, FIND(".", C11)) & (VALUE(RIGHT(C11, LEN(C11) - FIND(".", C11)))+1), C11 & ".1" ) ) -> 2.1 | D12: Limpar contatos e conectar grampos e todos os cabos à malha de terra garantindo bom aperto | G12: FALSE | H12: =IF(AND(Tabela138[[#This Row],[Item]]<>"",LEN(Tabela138[[#This Row],[Item]])<3),1,"") | I12: ="___:___" -> ___:___ | J12: ="___:___" -> ___:___ | K12: ="___:___" -> ___:___ | L12: ="___:___" -> ___:___
C13: =IF(B13<>"", IF(IFERROR(FIND(".", C12),0)>0, VALUE(LEFT(C12, FIND(".", C12)-1))+1, VALUE(C12)+1), IF(IFERROR(FIND(".", C12),0)>0, LEFT(C12, FIND(".", C12)) & (VALUE(RIGHT(C12, LEN(C12) - FIND(".", C12)))+1), C12 & ".1" ) ) -> 2.2 | D13: Confirmar bastões isolantes aprovados no teste de isolação GO-MN-LT-M.026 | G13: FALSE | H13: =IF(AND(Tabela138[[#This Row],[Item]]<>"",LEN(Tabela138[[#This Row],[Item]])<3),1,"") | I13: ="___:___" -> ___:___ | J13: ="___:___" -> ___:___ | K13: ="___:___" -> ___:___ | L13: ="___:___" -> ___:___
C14: =IF(B14<>"", IF(IFERROR(FIND(".", C13),0)>0, VALUE(LEFT(C13, FIND(".", C13)-1))+1, VALUE(C13)+1), IF(IFERROR(FIND(".", C13),0)>0, LEFT(C13, FIND(".", C13)) & (VALUE(RIGHT(C13, LEN(C13) - FIND(".", C13)))+1), C13 & ".1" ) ) -> 2.3 | D14: Primeiro aterramento: Levar conjunto com bastão e aproximar ao ponto sem contato direto | G14: TRUE | H14: =IF(AND(Tabela138[[#This Row],[Item]]<>"",LEN(Tabela138[[#This Row],[Item]])<3),1,"") | I14: ="___:___" -> ___:___ | J14: ="___:___" -> ___:___ | K14: ="___:___" -> ___:___ | L14: ="___:___" -> ___:___
C15: =IF(B15<>"", IF(IFERROR(FIND(".", C14),0)>0, VALUE(LEFT(C14, FIND(".", C14)-1))+1, VALUE(C14)+1), IF(IFERROR(FIND(".", C14),0)>0, LEFT(C14, FIND(".", C14)) & (VALUE(RIGHT(C14, LEN(C14) - FIND(".", C14)))+1), C14 & ".1" ) ) -> 2.4 | D15: Primeiro aterramento: Conectar ao barramento pulo ou equipamento conforme SI e croqui | G15: TRUE | H15: =IF(AND(Tabela138[[#This Row],[Item]]<>"",LEN(Tabela138[[#This Row],[Item]])<3),1,"") | I15: ="___:___" -> ___:___ | J15: ="___:___" -> ___:___ | K15: ="___:___" -> ___:___ | L15: ="___:___" -> ___:___
C16: =IF(B16<>"", IF(IFERROR(FIND(".", C15),0)>0, VALUE(LEFT(C15, FIND(".", C15)-1))+1, VALUE(C15)+1), IF(IFERROR(FIND(".", C15),0)>0, LEFT(C15, FIND(".", C15)) & (VALUE(RIGHT(C15, LEN(C15) - FIND(".", C15)))+1), C15 & ".1" ) ) -> 2.5 | D16: Segundo aterramento: Levar conjunto com bastão e aproximar ao ponto sem contato direto | G16: TRUE | H16: =IF(AND(Tabela138[[#This Row],[Item]]<>"",LEN(Tabela138[[#This Row],[Item]])<3),1,"") | I16: ="___:___" -> ___:___ | J16: ="___:___" -> ___:___ | K16: ="___:___" -> ___:___ | L16: ="___:___" -> ___:___
C17: =IF(B17<>"", IF(IFERROR(FIND(".", C16),0)>0, VALUE(LEFT(C16, FIND(".", C16)-1))+1, VALUE(C16)+1), IF(IFERROR(FIND(".", C16),0)>0, LEFT(C16, FIND(".", C16)) & (VALUE(RIGHT(C16, LEN(C16) - FIND(".", C16)))+1), C16 & ".1" ) ) -> 2.6 | D17: Segundo aterramento: Conectar ao barramento pulo ou equipamento conforme SI e croqui | G17: TRUE | H17: =IF(AND(Tabela138[[#This Row],[Item]]<>"",LEN(Tabela138[[#This Row],[Item]])<3),1,"") | I17: ="___:___" -> ___:___ | J17: ="___:___" -> ___:___ | K17: ="___:___" -> ___:___ | L17: ="___:___" -> ___:___
C18: =IF(B18<>"", IF(IFERROR(FIND(".", C17),0)>0, VALUE(LEFT(C17, FIND(".", C17)-1))+1, VALUE(C17)+1), IF(IFERROR(FIND(".", C17),0)>0, LEFT(C17, FIND(".", C17)) & (VALUE(RIGHT(C17, LEN(C17) - FIND(".", C17)))+1), C17 & ".1" ) ) -> 2.7 | D18: Terceiro aterramento: Levar conjunto com bastão e aproximar ao ponto sem contato direto | G18: TRUE | H18: =IF(AND(Tabela138[[#This Row],[Item]]<>"",LEN(Tabela138[[#This Row],[Item]])<3),1,"") | I18: ="___:___" -> ___:___ | J18: ="___:___" -> ___:___ | K18: ="___:___" -> ___:___ | L18: ="___:___" -> ___:___
C19: =IF(B19<>"", IF(IFERROR(FIND(".", C18),0)>0, VALUE(LEFT(C18, FIND(".", C18)-1))+1, VALUE(C18)+1), IF(IFERROR(FIND(".", C18),0)>0, LEFT(C18, FIND(".", C18)) & (VALUE(RIGHT(C18, LEN(C18) - FIND(".", C18)))+1), C18 & ".1" ) ) -> 2.8 | D19: Terceiro aterramento: Conectar ao barramento pulo ou equipamento conforme SI e croqui | G19: TRUE | H19: =IF(AND(Tabela138[[#This Row],[Item]]<>"",LEN(Tabela138[[#This Row],[Item]])<3),1,"") | I19: ="___:___" -> ___:___ | J19: ="___:___" -> ___:___ | K19: ="___:___" -> ___:___ | L19: ="___:___" -> ___:___
B20: Segurança de Pessoas | C20: =IF(B20<>"", IF(IFERROR(FIND(".", C19),0)>0, VALUE(LEFT(C19, FIND(".", C19)-1))+1, VALUE(C19)+1), IF(IFERROR(FIND(".", C19),0)>0, LEFT(C19, FIND(".", C19)) & (VALUE(RIGHT(C19, LEN(C19) - FIND(".", C19)))+1), C19 & ".1" ) ) -> 3 | D20: FIXAÇÃO DA ESCADA E ESCALADA | G20: FALSE | H20: =IF(AND(Tabela138[[#This Row],[Item]]<>"",LEN(Tabela138[[#This Row],[Item]])<3),1,"") -> 1 | I20: ="___:___" -> ___:___ | J20: ="___:___" -> ___:___ | K20: ="___:___" -> ___:___ | L20: ="___:___" -> ___:___
C21: =IF(B21<>"", IF(IFERROR(FIND(".", C20),0)>0, VALUE(LEFT(C20, FIND(".", C20)-1))+1, VALUE(C20)+1), IF(IFERROR(FIND(".", C20),0)>0, LEFT(C20, FIND(".", C20)) & (VALUE(RIGHT(C20, LEN(C20) - FIND(".", C20)))+1), C20 & ".1" ) ) -> 3.1 | D21: Posicionar escada em superfície firme e nivelada garantindo ângulo adequado de aproximadamente 75° | G21: TRUE | H21: =IF(AND(Tabela138[[#This Row],[Item]]<>"",LEN(Tabela138[[#This Row],[Item]])<3),1,"") | I21: ="___:___" -> ___:___ | J21: ="___:___" -> ___:___ | K21: ="___:___" -> ___:___ | L21: ="___:___" -> ___:___
C22: =IF(B22<>"", IF(IFERROR(FIND(".", C21),0)>0, VALUE(LEFT(C21, FIND(".", C21)-1))+1, VALUE(C21)+1), IF(IFERROR(FIND(".", C21),0)>0, LEFT(C21, FIND(".", C21)) & (VALUE(RIGHT(C21, LEN(C21) - FIND(".", C21)))+1), C21 & ".1" ) ) -> 3.2 | D22: Fixar escada com cordas ou dispositivos de ancoragem para evitar deslocamento durante a subida | G22: TRUE | H22: =IF(AND(Tabela138[[#This Row],[Item]]<>"",LEN(Tabela138[[#This Row],[Item]])<3),1,"") | I22: ="___:___" -> ___:___ | J22: ="___:___" -> ___:___ | K22: ="___:___" -> ___:___ | L22: ="___:___" -> ___:___
C23: =IF(B23<>"", IF(IFERROR(FIND(".", C22),0)>0, VALUE(LEFT(C22, FIND(".", C22)-1))+1, VALUE(C22)+1), IF(IFERROR(FIND(".", C22),0)>0, LEFT(C22, FIND(".", C22)) & (VALUE(RIGHT(C22, LEN(C22) - FIND(".", C22)))+1), C22 & ".1" ) ) -> 3.3 | D23: Utilizar cinto de segurança e talabarte para proteção contra queda durante a escalada | G23: TRUE | H23: =IF(AND(Tabela138[[#This Row],[Item]]<>"",LEN(Tabela138[[#This Row],[Item]])<3),1,"") | I23: ="___:___" -> ___:___ | J23: ="___:___" -> ___:___ | K23: ="___:___" -> ___:___ | L23: ="___:___" -> ___:___
B24: Segurança de Pessoas / Sistema | C24: =IF(B24<>"", IF(IFERROR(FIND(".", C23),0)>0, VALUE(LEFT(C23, FIND(".", C23)-1))+1, VALUE(C23)+1), IF(IFERROR(FIND(".", C23),0)>0, LEFT(C23, FIND(".", C23)) & (VALUE(RIGHT(C23, LEN(C23) - FIND(".", C23)))+1), C23 & ".1" ) ) -> 4 | D24: REMOVER ATERRAMENTO MÓVEL TEMPORÁRIO | G24: FALSE | H24: =IF(AND(Tabela138[[#This Row],[Item]]<>"",LEN(Tabela138[[#This Row],[Item]])<3),1,"") -> 1 | I24: ="___:___" -> ___:___ | J24: ="___:___" -> ___:___ | K24: ="___:___" -> ___:___ | L24: ="___:___" -> ___:___
C25: =IF(B25<>"", IF(IFERROR(FIND(".", C24),0)>0, VALUE(LEFT(C24, FIND(".", C24)-1))+1, VALUE(C24)+1), IF(IFERROR(FIND(".", C24),0)>0, LEFT(C24, FIND(".", C24)) & (VALUE(RIGHT(C24, LEN(C24) - FIND(".", C24)))+1), C24 & ".1" ) ) -> 4.1 | D25: Avisar equipe antes de iniciar retirada do aterramento temporário | G25: FALSE | H25: =IF(AND(Tabela138[[#This Row],[Item]]<>"",LEN(Tabela138[[#This Row],[Item]])<3),1,"") | I25: ="___:___" -> ___:___ | J25: ="___:___" -> ___:___ | K25: ="___:___" -> ___:___ | L25: ="___:___" -> ___:___
C26: =IF(B26<>"", IF(IFERROR(FIND(".", C25),0)>0, VALUE(LEFT(C25, FIND(".", C25)-1))+1, VALUE(C25)+1), IF(IFERROR(FIND(".", C25),0)>0, LEFT(C25, FIND(".", C25)) & (VALUE(RIGHT(C25, LEN(C25) - FIND(".", C25)))+1), C25 & ".1" ) ) -> 4.2 | D26: Primeiro aterramento: Usar bastão para desconectar do barramento/pulo/equipamento | G26: TRUE | H26: =IF(AND(Tabela138[[#This Row],[Item]]<>"",LEN(Tabela138[[#This Row],[Item]])<3),1,"") | I26: ="___:___" -> ___:___ | J26: ="___:___" -> ___:___ | K26: ="___:___" -> ___:___ | L26: ="___:___" -> ___:___
C27: =IF(B27<>"", IF(IFERROR(FIND(".", C26),0)>0, VALUE(LEFT(C26, FIND(".", C26)-1))+1, VALUE(C26)+1), IF(IFERROR(FIND(".", C26),0)>0, LEFT(C26, FIND(".", C26)) & (VALUE(RIGHT(C26, LEN(C26) - FIND(".", C26)))+1), C26 & ".1" ) ) -> 4.3 | D27: Primeiro aterramento: Baixar cabo ao solo sem contato e longe de pontos energizados | G27: TRUE | H27: =IF(AND(Tabela138[[#This Row],[Item]]<>"",LEN(Tabela138[[#This Row],[Item]])<3),1,"") | I27: ="___:___" -> ___:___ | J27: ="___:___" -> ___:___ | K27: ="___:___" -> ___:___ | L27: ="___:___" -> ___:___
C28: =IF(B28<>"", IF(IFERROR(FIND(".", C27),0)>0, VALUE(LEFT(C27, FIND(".", C27)-1))+1, VALUE(C27)+1), IF(IFERROR(FIND(".", C27),0)>0, LEFT(C27, FIND(".", C27)) & (VALUE(RIGHT(C27, LEN(C27) - FIND(".", C27)))+1), C27 & ".1" ) ) -> 4.4 | D28: Segundo aterramento: Usar bastão para desconectar do barramento/pulo/equipamento | G28: TRUE | H28: =IF(AND(Tabela138[[#This Row],[Item]]<>"",LEN(Tabela138[[#This Row],[Item]])<3),1,"") | I28: ="___:___" -> ___:___ | J28: ="___:___" -> ___:___ | K28: ="___:___" -> ___:___ | L28: ="___:___" -> ___:___
C29: =IF(B29<>"", IF(IFERROR(FIND(".", C28),0)>0, VALUE(LEFT(C28, FIND(".", C28)-1))+1, VALUE(C28)+1), IF(IFERROR(FIND(".", C28),0)>0, LEFT(C28, FIND(".", C28)) & (VALUE(RIGHT(C28, LEN(C28) - FIND(".", C28)))+1), C28 & ".1" ) ) -> 4.5 | D29: Segundo aterramento: Baixar cabo ao solo sem contato e longe de pontos energizados | G29: TRUE | H29: =IF(AND(Tabela138[[#This Row],[Item]]<>"",LEN(Tabela138[[#This Row],[Item]])<3),1,"") | I29: ="___:___" -> ___:___ | J29: ="___:___" -> ___:___ | K29: ="___:___" -> ___:___ | L29: ="___:___" -> ___:___
C30: =IF(B30<>"", IF(IFERROR(FIND(".", C29),0)>0, VALUE(LEFT(C29, FIND(".", C29)-1))+1, VALUE(C29)+1), IF(IFERROR(FIND(".", C29),0)>0, LEFT(C29, FIND(".", C29)) & (VALUE(RIGHT(C29, LEN(C29) - FIND(".", C29)))+1), C29 & ".1" ) ) -> 4.6 | D30: Terceiro aterramento: Usar bastão para desconectar do barramento/pulo/equipamento | G30: TRUE | H30: =IF(AND(Tabela138[[#This Row],[Item]]<>"",LEN(Tabela138[[#This Row],[Item]])<3),1,"") | I30: ="___:___" -> ___:___ | J30: ="___:___" -> ___:___ | K30: ="___:___" -> ___:___ | L30: ="___:___" -> ___:___
C31: =IF(B31<>"", IF(IFERROR(FIND(".", C30),0)>0, VALUE(LEFT(C30, FIND(".", C30)-1))+1, VALUE(C30)+1), IF(IFERROR(FIND(".", C30),0)>0, LEFT(C30, FIND(".", C30)) & (VALUE(RIGHT(C30, LEN(C30) - FIND(".", C30)))+1), C30 & ".1" ) ) -> 4.7 | D31: Terceiro aterramento: Baixar cabo ao solo sem contato e longe de pontos energizados | G31: TRUE | H31: =IF(AND(Tabela138[[#This Row],[Item]]<>"",LEN(Tabela138[[#This Row],[Item]])<3),1,"") | I31: ="___:___" -> ___:___ | J31: ="___:___" -> ___:___ | K31: ="___:___" -> ___:___ | L31: ="___:___" -> ___:___
C32: =IF(B32<>"", IF(IFERROR(FIND(".", C31),0)>0, VALUE(LEFT(C31, FIND(".", C31)-1))+1, VALUE(C31)+1), IF(IFERROR(FIND(".", C31),0)>0, LEFT(C31, FIND(".", C31)) & (VALUE(RIGHT(C31, LEN(C31) - FIND(".", C31)))+1), C31 & ".1" ) ) -> 4.8 | D32: Retirar grampo de terra somente após todos os cabos desconectados da parte superior | G32: FALSE | H32: =IF(AND(Tabela138[[#This Row],[Item]]<>"",LEN(Tabela138[[#This Row],[Item]])<3),1,"") | I32: ="___:___" -> ___:___ | J32: ="___:___" -> ___:___ | K32: ="___:___" -> ___:___ | L32: ="___:___" -> ___:___
C33: =IF(B33<>"", IF(IFERROR(FIND(".", C32),0)>0, VALUE(LEFT(C32, FIND(".", C32)-1))+1, VALUE(C32)+1), IF(IFERROR(FIND(".", C32),0)>0, LEFT(C32, FIND(".", C32)) & (VALUE(RIGHT(C32, LEN(C32) - FIND(".", C32)))+1), C32 & ".1" ) ) -> 4.9 | D33: Proceder inspeção visual e confirmar retirada de todos os cabos da área de segurança | G33: FALSE | H33: =IF(AND(Tabela138[[#This Row],[Item]]<>"",LEN(Tabela138[[#This Row],[Item]])<3),1,"") | I33: ="___:___" -> ___:___ | J33: ="___:___" -> ___:___ | K33: ="___:___" -> ___:___ | L33: ="___:___" -> ___:___
C34: =IF(B34<>"", IF(IFERROR(FIND(".", C33),0)>0, VALUE(LEFT(C33, FIND(".", C33)-1))+1, VALUE(C33)+1), IF(IFERROR(FIND(".", C33),0)>0, LEFT(C33, FIND(".", C33)) & (VALUE(RIGHT(C33, LEN(C33) - FIND(".", C33)))+1), C33 & ".1" ) ) -> 4.10 | G34: TRUE | H34: =IF(AND(Tabela138[[#This Row],[Item]]<>"",LEN(Tabela138[[#This Row],[Item]])<3),1,"") -> #VALUE! | I34: ="___:___" -> ___:___ | J34: ="___:___" -> ___:___ | K34: ="___:___" -> ___:___ | L34: ="___:___" -> ___:___
C35: =IF(B35<>"", IF(IFERROR(FIND(".", C34),0)>0, VALUE(LEFT(C34, FIND(".", C34)-1))+1, VALUE(C34)+1), IF(IFERROR(FIND(".", C34),0)>0, LEFT(C34, FIND(".", C34)) & (VALUE(RIGHT(C34, LEN(C34) - FIND(".", C34)))+1), C34 & ".1" ) ) -> 4.11 | G35: TRUE | H35: =IF(AND(Tabela138[[#This Row],[Item]]<>"",LEN(Tabela138[[#This Row],[Item]])<3),1,"") -> #VALUE! | I35: ="___:___" -> ___:___ | J35: ="___:___" -> ___:___ | K35: ="___:___" -> ___:___ | L35: ="___:___" -> ___:___
C36: =IF(B36<>"", IF(IFERROR(FIND(".", C35),0)>0, VALUE(LEFT(C35, FIND(".", C35)-1))+1, VALUE(C35)+1), IF(IFERROR(FIND(".", C35),0)>0, LEFT(C35, FIND(".", C35)) & (VALUE(RIGHT(C35, LEN(C35) - FIND(".", C35)))+1), C35 & ".1" ) ) -> 4.12 | G36: TRUE | H36: =IF(AND(Tabela138[[#This Row],[Item]]<>"",LEN(Tabela138[[#This Row],[Item]])<3),1,"") -> #VALUE! | I36: ="___:___" -> ___:___ | J36: ="___:___" -> ___:___ | K36: ="___:___" -> ___:___ | L36: ="___:___" -> ___:___
C37: =IF(B37<>"", IF(IFERROR(FIND(".", C36),0)>0, VALUE(LEFT(C36, FIND(".", C36)-1))+1, VALUE(C36)+1), IF(IFERROR(FIND(".", C36),0)>0, LEFT(C36, FIND(".", C36)) & (VALUE(RIGHT(C36, LEN(C36) - FIND(".", C36)))+1), C36 & ".1" ) ) -> 4.13 | G37: TRUE | H37: =IF(AND(Tabela138[[#This Row],[Item]]<>"",LEN(Tabela138[[#This Row],[Item]])<3),1,"") -> #VALUE! | I37: ="___:___" -> ___:___ | J37: ="___:___" -> ___:___ | K37: ="___:___" -> ___:___ | L37: ="___:___" -> ___:___
C38: =IF(B38<>"", IF(IFERROR(FIND(".", C37),0)>0, VALUE(LEFT(C37, FIND(".", C37)-1))+1, VALUE(C37)+1), IF(IFERROR(FIND(".", C37),0)>0, LEFT(C37, FIND(".", C37)) & (VALUE(RIGHT(C37, LEN(C37) - FIND(".", C37)))+1), C37 & ".1" ) ) -> 4.14 | G38: TRUE | H38: =IF(AND(Tabela138[[#This Row],[Item]]<>"",LEN(Tabela138[[#This Row],[Item]])<3),1,"") -> #VALUE! | I38: ="___:___" -> ___:___ | J38: ="___:___" -> ___:___ | K38: ="___:___" -> ___:___ | L38: ="___:___" -> ___:___
C39: =IF(B39<>"", IF(IFERROR(FIND(".", C38),0)>0, VALUE(LEFT(C38, FIND(".", C38)-1))+1, VALUE(C38)+1), IF(IFERROR(FIND(".", C38),0)>0, LEFT(C38, FIND(".", C38)) & (VALUE(RIGHT(C38, LEN(C38) - FIND(".", C38)))+1), C38 & ".1" ) ) -> 4.15 | G39: TRUE | H39: =IF(AND(Tabela138[[#This Row],[Item]]<>"",LEN(Tabela138[[#This Row],[Item]])<3),1,"") -> #VALUE! | I39: ="___:___" -> ___:___ | J39: ="___:___" -> ___:___ | K39: ="___:___" -> ___:___ | L39: ="___:___" -> ___:___
E42: Responsável da Intervenção | J42: Verificador(es)

Sheet Equipe
A1: Nome Completo | B1: Empresa/Equipe | C1: Matrícula SAP/ Documento | D1: Telefone
A2: LINCOLN DA SILVA BARBOSA | B2: AXIA/OOTFB | C2: 267852 | D2: (86) 9.8832-8080
A3: ROBERTO RIVELINO DE ALMEIDA CAVALCANTE | B3: AXIA/OOTFB-O&M | C3: 256912 | D3: (85) 9.9667-9391
A4: CARLOS DELANO DA SILVA LIRA | B4: AXIA/OOTFB-O&M | C4: 263052 | D4: (85) 9.9935-0435
A5: MARCOS PESSOA PIRES SOUTO | B5: AXIA/OOTFB-O&M | C5: 269646 | D5: (85) 9.9848-9680
A6: LEANDRO NEVES ARAUJO | B6: AXIA/OOTFB-O&M | C6: 258664 | D6: (88) 9.9729-4177
A7: PEDRO HENRIQUE RICARTE DE SOUSA | B7: AXIA/O&M MSD | C7: 259608 | D7: (84) 9.9666-7630
A8: EWERTON MARINHO ALVES DE LIMA | B8: AXIA/O&M MSD | C8: 267238 | D8: (84) 9.8839-6650
A9: JOCIVAN FERREIRA DE ARAÚJO | B9: ELIMCO/O&M AQD | C9: 329176 | D9: (85) 9.9753-5485
A10: SEBASTIÃO MARTINS DE CASTRO | B10: ELIMCO/O&M AQD | C10: 341371 | D10: (85) 9.8762-7520
A11: RONEY HUDSON DA SILVA | B11: ELIMCO/O&M AQD | C11: 91000642 | D11: (85) 9.8759-8908
A12: FRANCISCO EDSON CANDIDO DE SOUZA JUNIOR | B12: ELIMCO/O&M AUD | C12: 329172 | D12: (88) 9.9609-7105
A13: JOSE VALTER DA SILVA ARAUJO | B13: ELIMCO/O&M AUD | C13: 329179 | D13: (88) 9.8154-8815
... A40: CLAUDIO BARBOSA LIMA | B40: AXIA/OOTFB-SE | C40: 269720 | D40: (85) 9.8874-3821
A41: JOSÉ ALMIR COSTA FERNANDES | B41: MS/OOTFB-SE | C41: 229.378.383-91 | D41: (85) 9.9174-5419
A42: RONALDO MARCELINO DOS SANTOS XAVIER | B42: MS/OOTFB-SE | C42: 615.878.003-06 | D42: (85) 9.8653-9000
A43: JOSÉ IVANILDO DE LIMA PEREIRA | B43: MS/OOTFB-SE | C43: 029.412.613-97 | D43: (85) 9.8820-2734
A44: JORGE RODRIGO DA SILVA RODRIGUES | B44: MS/OOTFB-SE | C44: 066.256.443-07 | D44: (85) 9.8643-0290
A45: FRANCISCO VICTOR GOMES MONTEIRO | B45: MS/OOTFB-SE | C45: 076.521.013-44 | D45: (85) 9.9645-4765
A46: MAGNO PINHEIRO DA SILVA | B46: MS/OOTFB-SE | C46: 016.907.093-08 | D46: (85) 9.9403-6578
A47: ANDERSON ROCHA SILVA SANTOS | B47: AXIA/OOTFB-LT | C47: 263303 | D47: (85) 9.9900-6877
A48: CAIO MARCIO RODRIGUES SILVA | B48: AXIA/OOTFB-LT | C48: 264001 | D48: (85) 9.9687-2239
A49: ERIC LEANDRO MARQUES DOS REIS | B49: AXIA/OOTFB-LT | C49: 262665 | D49: (85) 9.9670-5221
A50: ERMILTON ALVES DE LIMA | B50: AXIA/OOTFB-LT | C50: 330337 | D50: (85) 9.8746-6239
A51: EVANDRO VASCONCELOS SEVERIANO JUNIOR | B51: AXIA/OOTFB-LT | C51: 337513 | D51: (88) 9.9473-9273
A52: FRANCISCO MILTON PARENTE DE ALBUQUERQUE | B52: AXIA/OOTFB-LT | C52: 330338 | D52: (85) 9.9982-9862
A53: GLAUBER FERNANDO MARTINS DE SOUSA | B53: AXIA/OOTFB-LT | C53: 266059 | D53: (85) 9.8202-7070
A54: IRAMILTON DE SOUZA LEITE | B54: AXIA/OOTFB-LT | C54: 256204 | D54: (85) 9.8805-3800
A55: JAILTO DOS SANTOS LEITAO | B55: AXIA/OOTFB-LT | C55: 256431 | D55: (85) 9.9113-3142
A56: JOAO PAULO DA SILVA RIBEIRO | B56: AXIA/OOTFB-LT | C56: 261040 | D56: (85) 9.9627-8159
A57: JOSE DIOZELIO DA SILVA BATISTA | B57: AXIA/OOTFB-LT | C57: 337514 | D57: (88) 9.9452-1704
A58: MARCELO CAETANO DA SILVA | B58: AXIA/OOTFB-LT | C58: 337515 | D58: (85) 9.9787-6602
... A61: SAULO SANTIAGO CABRAL | B61: AXIA/OOTFB-LT | C61: 267629 | D61: (85) 9.9786-4062
A62: FÁBIO BEZERRA DA SILVA | B62: CYMI/OOTFB-LT | C62: 057.939.234-11 | D62: (81) 98288-3571
A63: LUCAS DE OLIVEIRA MACEDO | B63: CYMI/OOTFB-LT | C63: 030.028.213-30 | D63: (86) 98100-9099
A64: YGOR RIBEIRO BARBOSA | B64: CYMI/OOTFB-LT | C64: 055.459.443-97 | D64: (88) 99375-4944
A65: GILVAN RIBEIRO DA SILVA | B65: CYMI/OOTFB-LT | C65: 040.336.843-01 | D65: (85) 98667-8397
A66: ROBENILSON MACIEL BELIZÁRIO | B66: CYMI/OOTFB-LT | C66: 079.549.223-59 | D66: (88) 99929-9192
A67: JAREDE DE PAIVA DAMASCENO | B67: CYMI/OOTFB-LT | C67: 041.189.053-02 | D67: (88) 98224-8163
A68: MARDEENS NEY LEITE DUARTE | B68: CYMI/OOTFB-LT | C68: 026.354.273-48 | D68: (85) 98626-2570
A69: RAFAEL | B69: SST | C69: 0
A70: UDINEI | B70: OOME.C
A71: OPERADOR MAQUINA 1 | B71: PROGEN

Sheet APR (B.Dados)
B2: APR
B3: Banco de Dados
B6: Atualize e revise esse Banco de Dados semanalmente (ou sempre que julgar necessário). Para preenchimento da APR, acesse a aba [APR] e selecione as respectivas "Atividades" para garantir o complemento automático das demais informações.
B8: IDENTIFICAÇÃO | G8: AVALIAÇÃO DE ACORDO COM A MATRIZ 5X5 | J8: HIERARQUIZAÇÃO DAS MEDIDAS DE CONTROLE | O8: STATUS APÓS AÇÕES E MEDIDAS
B9: ÁREA | C9: ATIVIDADE | D9: PERIGO | E9: DANOS / IMPACTO | F9: RISCO | G9: SEVERI-DADE | H9: PROBA-BILIDA-DE | I9: GRAU DE SIGNIFICÂNCIA (Risco) | J9: ELIMINAÇÃO | K9: SUBSTITUIÇÃO | L9: CONTROLES DE ENGENHARIA | M9: SINALIZAÇÃO/ ALERTAS E/OU CONTROLE ADM | N9: EPI | O9: SEVERI-DADE | P9: PROBA-BILIDA-DE | Q9: GRAU DE SIGNIFICÂNCIA (Risco) Após ações e medidas de controle | R9: CONTROLES ESPECÍFICOS
B10: Pátio 69kV | C10: Instalação de aterramento temporário | D10: Eletricidade | E10: Queimaduras, lesões graves ou fatais | F10: Choque elétrico | G10: 5 | H10: 4 | I10: =IFERROR(INDEX(Tabelas!$E$5:$I$9, MATCH(Tabela13[[#This Row],[PROBA-BILIDA-DE]], Tabelas!$D$5:$D$9, 0), MATCH(Tabela13[[#This Row],[SEVERI-DADE]], Tabelas!$E$4:$I$4, 0)),"") -> ⁴Muito Alto (20) | J10: Desenergizar; teste de ausência de tensão | K10: Sistemas automáticos de aterramento | L10: Dispositivo certificado; equipamento de teste | M10: Procedimento NR10; reciclagem periódica | N10: Vestimenta anti-chama; capacete com viseira; luvas isolantes + sobreluvas mecânicas; bota isolante | O10: 5 | P10: 2 | Q10: =IFERROR(INDEX(Tabelas!$E$5:$I$9, MATCH(Tabela13[[#This Row],[PROBA-BILIDA-DE ]], Tabelas!$D$5:$D$9, 0), MATCH(Tabela13[[#This Row],[SEVERI-DADE ]], Tabelas!$E$4:$I$4, 0)),"") -> ³Alto (10) | R10: Testador de ausência de tensão
B11: Pátio 230kV | C11: Escalada no equipamento | D11: Trabalho em altura | E11: Fraturas, traumatismos, lesões graves ou fatais | F11: Queda de altura | G11: 4 | H11: 4 | I11: =IFERROR(INDEX(Tabelas!$E$5:$I$9, MATCH(Tabela13[[#This Row],[PROBA-BILIDA-DE]], Tabelas!$D$5:$D$9, 0), MATCH(Tabela13[[#This Row],[SEVERI-DADE]], Tabelas!$E$4:$I$4, 0)),"") -> ⁴Muito Alto (19) | J11: Executar em solo quando possível (ferramentas longas, drones) | K11: Plataformas elevatórias | L11: Linha de vida, pontos de ancoragem, guarda-corpos | M11: Procedimento NR35, checklist, controle de acesso | N11: Cinturão paraquedista; trava-quedas retrátil; capacete com jugular; bota de segurança antiderrapante; luvas mecânicas | O11: 4 | P11: 2 | Q11: =IFERROR(INDEX(Tabelas!$E$5:$I$9, MATCH(Tabela13[[#This Row],[PROBA-BILIDA-DE ]], Tabelas!$D$5:$D$9, 0), MATCH(Tabela13[[#This Row],[SEVERI-DADE ]], Tabelas!$E$4:$I$4, 0)),"") -> ³Alto (9) | R11: - Inspeção prévia dos EPIs e pontos de ancoragem - Plano de resgate com equipe treinada - Uso de trava-quedas retrátil em linha vertical
B12: Pátio 69kV | C12: Confirmação da ausência de tensão | D12: Eletricidade | E12: Lesões graves ou fatais | F12: Choque elétrico | G12: 5 | H12: 3 | I12: =IFERROR(INDEX(Tabelas!$E$5:$I$9, MATCH(Tabela13[[#This Row],[PROBA-BILIDA-DE]], Tabelas!$D$5:$D$9, 0), MATCH(Tabela13[[#This Row],[SEVERI-DADE]], Tabelas!$E$4:$I$4, 0)),"") -> ⁴Muito Alto (15) | J12: Evitar contato direto | K12: NAPL | L12: Detector de tensão | M12: Procedimento NR10; aviso de teste | N12: Vestimenta anti-chama; capacete com viseira; luvas isolantes + sobreluvas mecânicas; bota isolante | O12: 5 | P12: 1 | Q12: =IFERROR(INDEX(Tabelas!$E$5:$I$9, MATCH(Tabela13[[#This Row],[PROBA-BILIDA-DE ]], Tabelas!$D$5:$D$9, 0), MATCH(Tabela13[[#This Row],[SEVERI-DADE ]], Tabelas!$E$4:$I$4, 0)),"") -> ³Alto (5) | R12: Detector homologado, procedimento NR10
B13: Pátio | C13: Todas as etapas | D13: Exposição ao calor | E13: Insolação, queimaduras de 1º grau | F13: Doença ocupacional por calor | G13: 3 | H13: 4 | I13: =IFERROR(INDEX(Tabelas!$E$5:$I$9, MATCH(Tabela13[[#This Row],[PROBA-BILIDA-DE]], Tabelas!$D$5:$D$9, 0), MATCH(Tabela13[[#This Row],[SEVERI-DADE]], Tabelas!$E$4:$I$4, 0)),"") -> ³Alto (18) | J13: Planejamento conforme clima | K13: NAPL | L13: Coberturas temporárias | M13: Avisos meteorológicos; pausas | N13: Protetor solar; óculos UV; vestimenta leve | O13: 3 | P13: 2 | Q13: =IFERROR(INDEX(Tabelas!$E$5:$I$9, MATCH(Tabela13[[#This Row],[PROBA-BILIDA-DE ]], Tabelas!$D$5:$D$9, 0), MATCH(Tabela13[[#This Row],[SEVERI-DADE ]], Tabelas!$E$4:$I$4, 0)),"") -> ²Médio (8) | R13: Hidratação constante
B14: Área externa | C14: Deslocamento de carro (colisão) | D14: Veículo em movimento | E14: Lesões graves, danos materiais | F14: Colisão | G14: 4 | H14: 3 | I14: =IFERROR(INDEX(Tabelas!$E$5:$I$9, MATCH(Tabela13[[#This Row],[PROBA-BILIDA-DE]], Tabelas!$D$5:$D$9, 0), MATCH(Tabela13[[#This Row],[SEVERI-DADE]], Tabelas!$E$4:$I$4, 0)),"") -> ³Alto (14) | J14: Planejar rota | K14: NAPL | L14: Limitação de velocidade; barreiras | M14: Sinalização de tráfego | N14: Cinto de segurança | O14: 3 | P14: 1 | Q14: =IFERROR(INDEX(Tabelas!$E$5:$I$9, MATCH(Tabela13[[#This Row],[PROBA-BILIDA-DE ]], Tabelas!$D$5:$D$9, 0), MATCH(Tabela13[[#This Row],[SEVERI-DADE ]], Tabelas!$E$4:$I$4, 0)),"") -> ²Médio (3) | R14: Dirigir em baixa velocidade
B15: Cabana GGE | C15: Diagnóstico elétrico | D15: Eletricidade | E15: Lesões graves ou fatais | F15: Choque elétrico | G15: 4 | H15: 3 | I15: =IFERROR(INDEX(Tabelas!$E$5:$I$9, MATCH(Tabela13[[#This Row],[PROBA-BILIDA-DE]], Tabelas!$D$5:$D$9, 0), MATCH(Tabela13[[#This Row],[SEVERI-DADE]], Tabelas!$E$4:$I$4, 0)),"") -> ³Alto (14) | J15: Desenergizar | K15: NAPL | L15: Bloqueio e identificação | M15: PEX/APR; sinalização | N15: Vestimenta anti-chama; capacete com viseira; luvas isolantes + sobreluvas; bota isolante | O15: 3 | P15: 1 | Q15: =IFERROR(INDEX(Tabelas!$E$5:$I$9, MATCH(Tabela13[[#This Row],[PROBA-BILIDA-DE ]], Tabelas!$D$5:$D$9, 0), MATCH(Tabela13[[#This Row],[SEVERI-DADE ]], Tabelas!$E$4:$I$4, 0)),"") -> ²Médio (3) | R15: Teste com detector de tensão
B16: Disjuntor | C16: Ensaios elétricos no disjuntor | D16: Eletricidade | E16: Queimaduras graves, morte | F16: Arco elétrico / choque elétrico | G16: 4 | H16: 3 | I16: =IFERROR(INDEX(Tabelas!$E$5:$I$9, MATCH(Tabela13[[#This Row],[PROBA-BILIDA-DE]], Tabelas!$D$5:$D$9, 0), MATCH(Tabela13[[#This Row],[SEVERI-DADE]], Tabelas!$E$4:$I$4, 0)),"") -> ³Alto (14) | J16: Evitar energização desnecessária | K16: NAPL | L16: Barreiras isolantes | M16: Aviso de teste | N16: Vestimenta anti-chama; capacete com viseira; luvas isolantes + sobreluvas mecânicas; bota isolante | O16: 3 | P16: 1 | Q16: =IFERROR(INDEX(Tabelas!$E$5:$I$9, MATCH(Tabela13[[#This Row],[PROBA-BILIDA-DE ]], Tabelas!$D$5:$D$9, 0), MATCH(Tabela13[[#This Row],[SEVERI-DADE ]], Tabelas!$E$4:$I$4, 0)),"") -> ²Médio (3) | R16: Distância segura; monitoramento
B17: Pátio | C17: Movimentação de peças pesadas | D17: Peças/materiais pesados | E17: Lesões musculares, esmagamento, fraturas | F17: Impacto mecânico / esmagamento | G17: 4 | H17: 3 | I17: =IFERROR(INDEX(Tabelas!$E$5:$I$9, MATCH(Tabela13[[#This Row],[PROBA-BILIDA-DE]], Tabelas!$D$5:$D$9, 0), MATCH(Tabela13[[#This Row],[SEVERI-DADE]], Tabelas!$E$4:$I$4, 0)),"") -> ³Alto (14) | J17: Evitar movimentação manual | K17: NAPL | L17: Cintas certificadas; munck | M17: Treinamento; área isolada; checklist | N17: Bota de segurança com biqueira; luvas mecânicas; capacete | O17: 3 | P17: 2 | Q17: =IFERROR(INDEX(Tabelas!$E$5:$I$9, MATCH(Tabela13[[#This Row],[PROBA-BILIDA-DE ]], Tabelas!$D$5:$D$9, 0), MATCH(Tabela13[[#This Row],[SEVERI-DADE ]], Tabelas!$E$4:$I$4, 0)),"") -> ²Médio (8) | R17: Realizar movimentação sob supervisão
B18: Cabana GGE | C18: Remoção do motor de partida | D18: Peças/materiais pesados | E18: Fraturas, contusões | F18: Esmagamento / impacto | G18: 4 | H18: 3 | I18: =IFERROR(INDEX(Tabelas!$E$5:$I$9, MATCH(Tabela13[[#This Row],[PROBA-BILIDA-DE]], Tabelas!$D$5:$D$9, 0), MATCH(Tabela13[[#This Row],[SEVERI-DADE]], Tabelas!$E$4:$I$4, 0)),"") -> ³Alto (14) | J18: Planejar içamento | K18: NAPL | L18: Talhas e suportes | M18: PEX/APR; comunicação | N18: Bota de segurança com biqueira; luvas mecânicas; capacete | O18: 3 | P18: 1 | Q18: =IFERROR(INDEX(Tabelas!$E$5:$I$9, MATCH(Tabela13[[#This Row],[PROBA-BILIDA-DE ]], Tabelas!$D$5:$D$9, 0), MATCH(Tabela13[[#This Row],[SEVERI-DADE ]], Tabelas!$E$4:$I$4, 0)),"") -> ²Médio (3) | R18: Movimentação sob supervisão
B19: Reator | C19: Correção de vazamento em trafo/reator | D19: Óleo isolante | E19: Irritação na pele; contaminação ambiental | F19: Contato dérmico / vazamento | G19: 3 | H19: 3 | I19: =IFERROR(INDEX(Tabelas!$E$5:$I$9, MATCH(Tabela13[[#This Row],[PROBA-BILIDA-DE]], Tabelas!$D$5:$D$9, 0), MATCH(Tabela13[[#This Row],[SEVERI-DADE]], Tabelas!$E$4:$I$4, 0)),"") -> ³Alto (13) | J19: Evitar abertura desnecessária | K19: Uso de buchas seladas | L19: Bandejas de contenção | M19: Avisos de risco químico | N19: Luvas nitrílicas; óculos de segurança | O19: 2 | P19: 1 | Q19: =IFERROR(INDEX(Tabelas!$E$5:$I$9, MATCH(Tabela13[[#This Row],[PROBA-BILIDA-DE ]], Tabelas!$D$5:$D$9, 0), MATCH(Tabela13[[#This Row],[SEVERI-DADE ]], Tabelas!$E$4:$I$4, 0)),"") -> ¹Baixo (2) | R19: Kit absorção; descarte correto
B20: Pátio | C20: Deslocamento a pé (animais peçonhentos) | D20: Animais peçonhentos | E20: Picadas, envenenamento, reações alérgicas | F20: Acidente com animais | G20: 3 | H20: 3 | I20: =IFERROR(INDEX(Tabelas!$E$5:$I$9, MATCH(Tabela13[[#This Row],[PROBA-BILIDA-DE]], Tabelas!$D$5:$D$9, 0), MATCH(Tabela13[[#This Row],[SEVERI-DADE]], Tabelas!$E$4:$I$4, 0)),"") -> ³Alto (13) | J20: NAPL | K20: NAPL | L20: Dedetização; barreiras físicas | M20: PEX/APR; limpeza; inseticida | N20: Bota de segurança; capacete com jugular | O20: 2 | P20: 2 | Q20: =IFERROR(INDEX(Tabelas!$E$5:$I$9, MATCH(Tabela13[[#This Row],[PROBA-BILIDA-DE ]], Tabelas!$D$5:$D$9, 0), MATCH(Tabela13[[#This Row],[SEVERI-DADE ]], Tabelas!$E$4:$I$4, 0)),"") -> ¹Baixo (7) | R20: Evitar frestas e canaletas.
B21: Área externa | C21: Manejo de óleo mineral isolante | D21: Óleo mineral isolante | E21: Dermatite; contaminação ambiental | F21: Exposição química / contato dérmico | G21: 3 | H21: 3 | I21: =IFERROR(INDEX(Tabelas!$E$5:$I$9, MATCH(Tabela13[[#This Row],[PROBA-BILIDA-DE]], Tabelas!$D$5:$D$9, 0), MATCH(Tabela13[[#This Row],[SEVERI-DADE]], Tabelas!$E$4:$I$4, 0)),"") -> ³Alto (13) | J21: Evitar contato direto | K21: Óleo menos tóxico | L21: Bandejas e contenção | M21: Avisos químicos | N21: Luvas nitrílicas; óculos de segurança | O21: 2 | P21: 1 | Q21: =IFERROR(INDEX(Tabelas!$E$5:$I$9, MATCH(Tabela13[[#This Row],[PROBA-BILIDA-DE ]], Tabelas!$D$5:$D$9, 0), MATCH(Tabela13[[#This Row],[SEVERI-DADE ]], Tabelas!$E$4:$I$4, 0)),"") -> ¹Baixo (2) | R21: Kit absorção
... B34: Cabana GGE | C34: Todas as etapas | D34: Exposição ao calor | E34: Desconforto temporário | F34: Insolação, queimaduras | G34: 1 | H34: 3 | I34: =IFERROR(INDEX(Tabelas!$E$5:$I$9, MATCH(Tabela13[[#This Row],[PROBA-BILIDA-DE]], Tabelas!$D$5:$D$9, 0), MATCH(Tabela13[[#This Row],[SEVERI-DADE]], Tabelas!$E$4:$I$4, 0)),"") -> ¹Baixo (11) | J34: NAPL | K34: NAPL | L34: NAPL | M34: NAPL | N34: Balaclava anti-chama; vestimenta leve; capacete; protetor solar | O34: 1 | P34: 1 | Q34: =IFERROR(INDEX(Tabelas!$E$5:$I$9, MATCH(Tabela13[[#This Row],[PROBA-BILIDA-DE ]], Tabelas!$D$5:$D$9, 0), MATCH(Tabela13[[#This Row],[SEVERI-DADE ]], Tabelas!$E$4:$I$4, 0)),"") -> ¹Baixo (1) | R34: Hidratação constante
C35: Coleta de Óleo | D35: Produto Químico | I35: =IFERROR(INDEX(Tabelas!$E$5:$I$9, MATCH(Tabela13[[#This Row],[PROBA-BILIDA-DE]], Tabelas!$D$5:$D$9, 0), MATCH(Tabela13[[#This Row],[SEVERI-DADE]], Tabelas!$E$4:$I$4, 0)),"") | Q35: =IFERROR(INDEX(Tabelas!$E$5:$I$9, MATCH(Tabela13[[#This Row],[PROBA-BILIDA-DE ]], Tabelas!$D$5:$D$9, 0), MATCH(Tabela13[[#This Row],[SEVERI-DADE ]], Tabelas!$E$4:$I$4, 0)),"")
I36: =IFERROR(INDEX(Tabelas!$E$5:$I$9, MATCH(Tabela13[[#This Row],[PROBA-BILIDA-DE]], Tabelas!$D$5:$D$9, 0), MATCH(Tabela13[[#This Row],[SEVERI-DADE]], Tabelas!$E$4:$I$4, 0)),"") | Q36: =IFERROR(INDEX(Tabelas!$E$5:$I$9, MATCH(Tabela13[[#This Row],[PROBA-BILIDA-DE ]], Tabelas!$D$5:$D$9, 0), MATCH(Tabela13[[#This Row],[SEVERI-DADE ]], Tabelas!$E$4:$I$4, 0)),"")
I37: =IFERROR(INDEX(Tabelas!$E$5:$I$9, MATCH(Tabela13[[#This Row],[PROBA-BILIDA-DE]], Tabelas!$D$5:$D$9, 0), MATCH(Tabela13[[#This Row],[SEVERI-DADE]], Tabelas!$E$4:$I$4, 0)),"") | Q37: =IFERROR(INDEX(Tabelas!$E$5:$I$9, MATCH(Tabela13[[#This Row],[PROBA-BILIDA-DE ]], Tabelas!$D$5:$D$9, 0), MATCH(Tabela13[[#This Row],[SEVERI-DADE ]], Tabelas!$E$4:$I$4, 0)),"")
I38: =IFERROR(INDEX(Tabelas!$E$5:$I$9, MATCH(Tabela13[[#This Row],[PROBA-BILIDA-DE]], Tabelas!$D$5:$D$9, 0), MATCH(Tabela13[[#This Row],[SEVERI-DADE]], Tabelas!$E$4:$I$4, 0)),"") | Q38: =IFERROR(INDEX(Tabelas!$E$5:$I$9, MATCH(Tabela13[[#This Row],[PROBA-BILIDA-DE ]], Tabelas!$D$5:$D$9, 0), MATCH(Tabela13[[#This Row],[SEVERI-DADE ]], Tabelas!$E$4:$I$4, 0)),"")
I39: =IFERROR(INDEX(Tabelas!$E$5:$I$9, MATCH(Tabela13[[#This Row],[PROBA-BILIDA-DE]], Tabelas!$D$5:$D$9, 0), MATCH(Tabela13[[#This Row],[SEVERI-DADE]], Tabelas!$E$4:$I$4, 0)),"") | Q39: =IFERROR(INDEX(Tabelas!$E$5:$I$9, MATCH(Tabela13[[#This Row],[PROBA-BILIDA-DE ]], Tabelas!$D$5:$D$9, 0), MATCH(Tabela13[[#This Row],[SEVERI-DADE ]], Tabelas!$E$4:$I$4, 0)),"")
I40: =IFERROR(INDEX(Tabelas!$E$5:$I$9, MATCH(Tabela13[[#This Row],[PROBA-BILIDA-DE]], Tabelas!$D$5:$D$9, 0), MATCH(Tabela13[[#This Row],[SEVERI-DADE]], Tabelas!$E$4:$I$4, 0)),"") | Q40: =IFERROR(INDEX(Tabelas!$E$5:$I$9, MATCH(Tabela13[[#This Row],[PROBA-BILIDA-DE ]], Tabelas!$D$5:$D$9, 0), MATCH(Tabela13[[#This Row],[SEVERI-DADE ]], Tabelas!$E$4:$I$4, 0)),"")
I41: =IFERROR(INDEX(Tabelas!$E$5:$I$9, MATCH(Tabela13[[#This Row],[PROBA-BILIDA-DE]], Tabelas!$D$5:$D$9, 0), MATCH(Tabela13[[#This Row],[SEVERI-DADE]], Tabelas!$E$4:$I$4, 0)),"") | Q41: =IFERROR(INDEX(Tabelas!$E$5:$I$9, MATCH(Tabela13[[#This Row],[PROBA-BILIDA-DE ]], Tabelas!$D$5:$D$9, 0), MATCH(Tabela13[[#This Row],[SEVERI-DADE ]], Tabelas!$E$4:$I$4, 0)),"")
I42: =IFERROR(INDEX(Tabelas!$E$5:$I$9, MATCH(Tabela13[[#This Row],[PROBA-BILIDA-DE]], Tabelas!$D$5:$D$9, 0), MATCH(Tabela13[[#This Row],[SEVERI-DADE]], Tabelas!$E$4:$I$4, 0)),"") | Q42: =IFERROR(INDEX(Tabelas!$E$5:$I$9, MATCH(Tabela13[[#This Row],[PROBA-BILIDA-DE ]], Tabelas!$D$5:$D$9, 0), MATCH(Tabela13[[#This Row],[SEVERI-DADE ]], Tabelas!$E$4:$I$4, 0)),"")
I43: =IFERROR(INDEX(Tabelas!$E$5:$I$9, MATCH(Tabela13[[#This Row],[PROBA-BILIDA-DE]], Tabelas!$D$5:$D$9, 0), MATCH(Tabela13[[#This Row],[SEVERI-DADE]], Tabelas!$E$4:$I$4, 0)),"") | Q43: =IFERROR(INDEX(Tabelas!$E$5:$I$9, MATCH(Tabela13[[#This Row],[PROBA-BILIDA-DE ]], Tabelas!$D$5:$D$9, 0), MATCH(Tabela13[[#This Row],[SEVERI-DADE ]], Tabelas!$E$4:$I$4, 0)),"")
I44: =IFERROR(INDEX(Tabelas!$E$5:$I$9, MATCH(Tabela13[[#This Row],[PROBA-BILIDA-DE]], Tabelas!$D$5:$D$9, 0), MATCH(Tabela13[[#This Row],[SEVERI-DADE]], Tabelas!$E$4:$I$4, 0)),"") | Q44: =IFERROR(INDEX(Tabelas!$E$5:$I$9, MATCH(Tabela13[[#This Row],[PROBA-BILIDA-DE ]], Tabelas!$D$5:$D$9, 0), MATCH(Tabela13[[#This Row],[SEVERI-DADE ]], Tabelas!$E$4:$I$4, 0)),"")
I45: =IFERROR(INDEX(Tabelas!$E$5:$I$9, MATCH(Tabela13[[#This Row],[PROBA-BILIDA-DE]], Tabelas!$D$5:$D$9, 0), MATCH(Tabela13[[#This Row],[SEVERI-DADE]], Tabelas!$E$4:$I$4, 0)),"") | Q45: =IFERROR(INDEX(Tabelas!$E$5:$I$9, MATCH(Tabela13[[#This Row],[PROBA-BILIDA-DE ]], Tabelas!$D$5:$D$9, 0), MATCH(Tabela13[[#This Row],[SEVERI-DADE ]], Tabelas!$E$4:$I$4, 0)),"")
I46: =IFERROR(INDEX(Tabelas!$E$5:$I$9, MATCH(Tabela13[[#This Row],[PROBA-BILIDA-DE]], Tabelas!$D$5:$D$9, 0), MATCH(Tabela13[[#This Row],[SEVERI-DADE]], Tabelas!$E$4:$I$4, 0)),"") | Q46: =IFERROR(INDEX(Tabelas!$E$5:$I$9, MATCH(Tabela13[[#This Row],[PROBA-BILIDA-DE ]], Tabelas!$D$5:$D$9, 0), MATCH(Tabela13[[#This Row],[SEVERI-DADE ]], Tabelas!$E$4:$I$4, 0)),"")
I47: =IFERROR(INDEX(Tabelas!$E$5:$I$9, MATCH(Tabela13[[#This Row],[PROBA-BILIDA-DE]], Tabelas!$D$5:$D$9, 0), MATCH(Tabela13[[#This Row],[SEVERI-DADE]], Tabelas!$E$4:$I$4, 0)),"") | Q47: =IFERROR(INDEX(Tabelas!$E$5:$I$9, MATCH(Tabela13[[#This Row],[PROBA-BILIDA-DE ]], Tabelas!$D$5:$D$9, 0), MATCH(Tabela13[[#This Row],[SEVERI-DADE ]], Tabelas!$E$4:$I$4, 0)),"")
... I83: =IFERROR(INDEX(Tabelas!$E$5:$I$9, MATCH(Tabela13[[#This Row],[PROBA-BILIDA-DE]], Tabelas!$D$5:$D$9, 0), MATCH(Tabela13[[#This Row],[SEVERI-DADE]], Tabelas!$E$4:$I$4, 0)),"") | Q83: =IFERROR(INDEX(Tabelas!$E$5:$I$9, MATCH(Tabela13[[#This Row],[PROBA-BILIDA-DE ]], Tabelas!$D$5:$D$9, 0), MATCH(Tabela13[[#This Row],[SEVERI-DADE ]], Tabelas!$E$4:$I$4, 0)),"")

Sheet Controle P.Crítico (B.Dados)
B2: CONTROLE DE PONTOS CRÍTICOS DA INTERVENÇÃO
B3: Banco de Dados
B6: Tipo do Ponto Crítico | C6: Item | D6: Ponto Crítico | E6: Responsável | F6: Verificador | G6: Controlar p/ fase? | H6: # | I6: Horário | J6: Horário fase A | K6: Horário fase B | L6: Horário fase C
B7: Segurança de Pessoas | C7: 1 | D7: CONFIRMAR AUSÊNCIA DE TENSÃO | G7: FALSE | H7: =IF(AND(Tabela13814[[#This Row],[Item]]<>"",LEN(Tabela13814[[#This Row],[Item]])<3),1,"") -> 1 | I7: ="___:___" -> ___:___ | J7: ="___:___" -> ___:___ | K7: ="___:___" -> ___:___ | L7: ="___:___" -> ___:___
C8: =IF(B8<>"", IF(IFERROR(FIND(".", C7),0)>0, VALUE(LEFT(C7, FIND(".", C7)-1))+1, VALUE(C7)+1), IF(IFERROR(FIND(".", C7),0)>0, LEFT(C7, FIND(".", C7)) & (VALUE(RIGHT(C7, LEN(C7) - FIND(".", C7)))+1), C7 & ".1" ) ) -> 1.1 | D8: Usar bastão isolante para aproximar detector a ponto energizado e testar funcionamento | G8: FALSE | H8: =IF(AND(Tabela13814[[#This Row],[Item]]<>"",LEN(Tabela13814[[#This Row],[Item]])<3),1,"") | I8: ="___:___" -> ___:___ | J8: ="___:___" -> ___:___ | K8: ="___:___" -> ___:___ | L8: ="___:___" -> ___:___
C9: =IF(B9<>"", IF(IFERROR(FIND(".", C8),0)>0, VALUE(LEFT(C8, FIND(".", C8)-1))+1, VALUE(C8)+1), IF(IFERROR(FIND(".", C8),0)>0, LEFT(C8, FIND(".", C8)) & (VALUE(RIGHT(C8, LEN(C8) - FIND(".", C8)))+1), C8 & ".1" ) ) -> 1.2 | D9: Aproximar detector a cada condutor das fases a serem aterradas | G9: TRUE | H9: =IF(AND(Tabela13814[[#This Row],[Item]]<>"",LEN(Tabela13814[[#This Row],[Item]])<3),1,"") | I9: ="___:___" -> ___:___ | J9: ="___:___" -> ___:___ | K9: ="___:___" -> ___:___ | L9: ="___:___" -> ___:___
C10: =IF(B10<>"", IF(IFERROR(FIND(".", C9),0)>0, VALUE(LEFT(C9, FIND(".", C9)-1))+1, VALUE(C9)+1), IF(IFERROR(FIND(".", C9),0)>0, LEFT(C9, FIND(".", C9)) & (VALUE(RIGHT(C9, LEN(C9) - FIND(".", C9)))+1), C9 & ".1" ) ) -> 1.3 | D10: Reaproximar detector a ponto energizado para reconfirmar funcionamento | G10: FALSE | H10: =IF(AND(Tabela13814[[#This Row],[Item]]<>"",LEN(Tabela13814[[#This Row],[Item]])<3),1,"") | I10: ="___:___" -> ___:___ | J10: ="___:___" -> ___:___ | K10: ="___:___" -> ___:___ | L10: ="___:___" -> ___:___
B11: Segurança de Pessoas / Sistema | C11: =IF(B11<>"", IF(IFERROR(FIND(".", C10),0)>0, VALUE(LEFT(C10, FIND(".", C10)-1))+1, VALUE(C10)+1), IF(IFERROR(FIND(".", C10),0)>0, LEFT(C10, FIND(".", C10)) & (VALUE(RIGHT(C10, LEN(C10) - FIND(".", C10)))+1), C10 & ".1" ) ) -> 2 | D11: INSTALAÇÃO DO ATERRAMENTO MÓVEL TEMPORÁRIO | G11: FALSE | H11: =IF(AND(Tabela13814[[#This Row],[Item]]<>"",LEN(Tabela13814[[#This Row],[Item]])<3),1,"") -> 1 | I11: ="___:___" -> ___:___ | J11: ="___:___" -> ___:___ | K11: ="___:___" -> ___:___ | L11: ="___:___" -> ___:___
C12: =IF(B12<>"", IF(IFERROR(FIND(".", C11),0)>0, VALUE(LEFT(C11, FIND(".", C11)-1))+1, VALUE(C11)+1), IF(IFERROR(FIND(".", C11),0)>0, LEFT(C11, FIND(".", C11)) & (VALUE(RIGHT(C11, LEN(C11) - FIND(".", C11)))+1), C11 & ".1" ) ) -> 2.1 | D12: Limpar contatos e conectar grampos e todos os cabos à malha de terra garantindo bom aperto | G12: FALSE | H12: =IF(AND(Tabela13814[[#This Row],[Item]]<>"",LEN(Tabela13814[[#This Row],[Item]])<3),1,"") | I12: ="___:___" -> ___:___ | J12: ="___:___" -> ___:___ | K12: ="___:___" -> ___:___ | L12: ="___:___" -> ___:___
C13: =IF(B13<>"", IF(IFERROR(FIND(".", C12),0)>0, VALUE(LEFT(C12, FIND(".", C12)-1))+1, VALUE(C12)+1), IF(IFERROR(FIND(".", C12),0)>0, LEFT(C12, FIND(".", C12)) & (VALUE(RIGHT(C12, LEN(C12) - FIND(".", C12)))+1), C12 & ".1" ) ) -> 2.2 | D13: Confirmar bastões isolantes aprovados no teste de isolação GO-MN-LT-M.026 | G13: FALSE | H13: =IF(AND(Tabela13814[[#This Row],[Item]]<>"",LEN(Tabela13814[[#This Row],[Item]])<3),1,"") | I13: ="___:___" -> ___:___ | J13: ="___:___" -> ___:___ | K13: ="___:___" -> ___:___ | L13: ="___:___" -> ___:___
C14: =IF(B14<>"", IF(IFERROR(FIND(".", C13),0)>0, VALUE(LEFT(C13, FIND(".", C13)-1))+1, VALUE(C13)+1), IF(IFERROR(FIND(".", C13),0)>0, LEFT(C13, FIND(".", C13)) & (VALUE(RIGHT(C13, LEN(C13) - FIND(".", C13)))+1), C13 & ".1" ) ) -> 2.3 | D14: Primeiro aterramento: Levar conjunto com bastão e aproximar ao ponto sem contato direto | G14: TRUE | H14: =IF(AND(Tabela13814[[#This Row],[Item]]<>"",LEN(Tabela13814[[#This Row],[Item]])<3),1,"") | I14: ="___:___" -> ___:___ | J14: ="___:___" -> ___:___ | K14: ="___:___" -> ___:___ | L14: ="___:___" -> ___:___
C15: =IF(B15<>"", IF(IFERROR(FIND(".", C14),0)>0, VALUE(LEFT(C14, FIND(".", C14)-1))+1, VALUE(C14)+1), IF(IFERROR(FIND(".", C14),0)>0, LEFT(C14, FIND(".", C14)) & (VALUE(RIGHT(C14, LEN(C14) - FIND(".", C14)))+1), C14 & ".1" ) ) -> 2.4 | D15: Primeiro aterramento: Conectar ao barramento pulo ou equipamento conforme SI e croqui | G15: TRUE | H15: =IF(AND(Tabela13814[[#This Row],[Item]]<>"",LEN(Tabela13814[[#This Row],[Item]])<3),1,"") | I15: ="___:___" -> ___:___ | J15: ="___:___" -> ___:___ | K15: ="___:___" -> ___:___ | L15: ="___:___" -> ___:___
C16: =IF(B16<>"", IF(IFERROR(FIND(".", C15),0)>0, VALUE(LEFT(C15, FIND(".", C15)-1))+1, VALUE(C15)+1), IF(IFERROR(FIND(".", C15),0)>0, LEFT(C15, FIND(".", C15)) & (VALUE(RIGHT(C15, LEN(C15) - FIND(".", C15)))+1), C15 & ".1" ) ) -> 2.5 | D16: Segundo aterramento: Levar conjunto com bastão e aproximar ao ponto sem contato direto | G16: TRUE | H16: =IF(AND(Tabela13814[[#This Row],[Item]]<>"",LEN(Tabela13814[[#This Row],[Item]])<3),1,"") | I16: ="___:___" -> ___:___ | J16: ="___:___" -> ___:___ | K16: ="___:___" -> ___:___ | L16: ="___:___" -> ___:___
C17: =IF(B17<>"", IF(IFERROR(FIND(".", C16),0)>0, VALUE(LEFT(C16, FIND(".", C16)-1))+1, VALUE(C16)+1), IF(IFERROR(FIND(".", C16),0)>0, LEFT(C16, FIND(".", C16)) & (VALUE(RIGHT(C16, LEN(C16) - FIND(".", C16)))+1), C16 & ".1" ) ) -> 2.6 | D17: Segundo aterramento: Conectar ao barramento pulo ou equipamento conforme SI e croqui | G17: TRUE | H17: =IF(AND(Tabela13814[[#This Row],[Item]]<>"",LEN(Tabela13814[[#This Row],[Item]])<3),1,"") | I17: ="___:___" -> ___:___ | J17: ="___:___" -> ___:___ | K17: ="___:___" -> ___:___ | L17: ="___:___" -> ___:___
C18: =IF(B18<>"", IF(IFERROR(FIND(".", C17),0)>0, VALUE(LEFT(C17, FIND(".", C17)-1))+1, VALUE(C17)+1), IF(IFERROR(FIND(".", C17),0)>0, LEFT(C17, FIND(".", C17)) & (VALUE(RIGHT(C17, LEN(C17) - FIND(".", C17)))+1), C17 & ".1" ) ) -> 2.7 | D18: Terceiro aterramento: Levar conjunto com bastão e aproximar ao ponto sem contato direto | G18: TRUE | H18: =IF(AND(Tabela13814[[#This Row],[Item]]<>"",LEN(Tabela13814[[#This Row],[Item]])<3),1,"") | I18: ="___:___" -> ___:___ | J18: ="___:___" -> ___:___ | K18: ="___:___" -> ___:___ | L18: ="___:___" -> ___:___
C19: =IF(B19<>"", IF(IFERROR(FIND(".", C18),0)>0, VALUE(LEFT(C18, FIND(".", C18)-1))+1, VALUE(C18)+1), IF(IFERROR(FIND(".", C18),0)>0, LEFT(C18, FIND(".", C18)) & (VALUE(RIGHT(C18, LEN(C18) - FIND(".", C18)))+1), C18 & ".1" ) ) -> 2.8 | D19: Terceiro aterramento: Conectar ao barramento pulo ou equipamento conforme SI e croqui | G19: TRUE | H19: =IF(AND(Tabela13814[[#This Row],[Item]]<>"",LEN(Tabela13814[[#This Row],[Item]])<3),1,"") | I19: ="___:___" -> ___:___ | J19: ="___:___" -> ___:___ | K19: ="___:___" -> ___:___ | L19: ="___:___" -> ___:___
B20: Segurança de Pessoas | C20: =IF(B20<>"", IF(IFERROR(FIND(".", C19),0)>0, VALUE(LEFT(C19, FIND(".", C19)-1))+1, VALUE(C19)+1), IF(IFERROR(FIND(".", C19),0)>0, LEFT(C19, FIND(".", C19)) & (VALUE(RIGHT(C19, LEN(C19) - FIND(".", C19)))+1), C19 & ".1" ) ) -> 3 | D20: FIXAÇÃO DA ESCADA E ESCALADA | G20: FALSE | H20: =IF(AND(Tabela13814[[#This Row],[Item]]<>"",LEN(Tabela13814[[#This Row],[Item]])<3),1,"") -> 1 | I20: ="___:___" -> ___:___ | J20: ="___:___" -> ___:___ | K20: ="___:___" -> ___:___ | L20: ="___:___" -> ___:___
C21: =IF(B21<>"", IF(IFERROR(FIND(".", C20),0)>0, VALUE(LEFT(C20, FIND(".", C20)-1))+1, VALUE(C20)+1), IF(IFERROR(FIND(".", C20),0)>0, LEFT(C20, FIND(".", C20)) & (VALUE(RIGHT(C20, LEN(C20) - FIND(".", C20)))+1), C20 & ".1" ) ) -> 3.1 | D21: Posicionar escada em superfície firme e nivelada garantindo ângulo adequado de aproximadamente 75° | G21: TRUE | H21: =IF(AND(Tabela13814[[#This Row],[Item]]<>"",LEN(Tabela13814[[#This Row],[Item]])<3),1,"") | I21: ="___:___" -> ___:___ | J21: ="___:___" -> ___:___ | K21: ="___:___" -> ___:___ | L21: ="___:___" -> ___:___
C22: =IF(B22<>"", IF(IFERROR(FIND(".", C21),0)>0, VALUE(LEFT(C21, FIND(".", C21)-1))+1, VALUE(C21)+1), IF(IFERROR(FIND(".", C21),0)>0, LEFT(C21, FIND(".", C21)) & (VALUE(RIGHT(C21, LEN(C21) - FIND(".", C21)))+1), C21 & ".1" ) ) -> 3.2 | D22: Fixar escada com cordas ou dispositivos de ancoragem para evitar deslocamento durante a subida | G22: TRUE | H22: =IF(AND(Tabela13814[[#This Row],[Item]]<>"",LEN(Tabela13814[[#This Row],[Item]])<3),1,"") | I22: ="___:___" -> ___:___ | J22: ="___:___" -> ___:___ | K22: ="___:___" -> ___:___ | L22: ="___:___" -> ___:___
C23: =IF(B23<>"", IF(IFERROR(FIND(".", C22),0)>0, VALUE(LEFT(C22, FIND(".", C22)-1))+1, VALUE(C22)+1), IF(IFERROR(FIND(".", C22),0)>0, LEFT(C22, FIND(".", C22)) & (VALUE(RIGHT(C22, LEN(C22) - FIND(".", C22)))+1), C22 & ".1" ) ) -> 3.3 | D23: Utilizar cinto de segurança e talabarte para proteção contra queda durante a escalada | G23: TRUE | H23: =IF(AND(Tabela13814[[#This Row],[Item]]<>"",LEN(Tabela13814[[#This Row],[Item]])<3),1,"") | I23: ="___:___" -> ___:___ | J23: ="___:___" -> ___:___ | K23: ="___:___" -> ___:___ | L23: ="___:___" -> ___:___
B24: Segurança de Pessoas / Sistema | C24: =IF(B24<>"", IF(IFERROR(FIND(".", C23),0)>0, VALUE(LEFT(C23, FIND(".", C23)-1))+1, VALUE(C23)+1), IF(IFERROR(FIND(".", C23),0)>0, LEFT(C23, FIND(".", C23)) & (VALUE(RIGHT(C23, LEN(C23) - FIND(".", C23)))+1), C23 & ".1" ) ) -> 4 | D24: REMOVER ATERRAMENTO MÓVEL TEMPORÁRIO | G24: FALSE | H24: =IF(AND(Tabela13814[[#This Row],[Item]]<>"",LEN(Tabela13814[[#This Row],[Item]])<3),1,"") -> 1 | I24: ="___:___" -> ___:___ | J24: ="___:___" -> ___:___ | K24: ="___:___" -> ___:___ | L24: ="___:___" -> ___:___
C25: =IF(B25<>"", IF(IFERROR(FIND(".", C24),0)>0, VALUE(LEFT(C24, FIND(".", C24)-1))+1, VALUE(C24)+1), IF(IFERROR(FIND(".", C24),0)>0, LEFT(C24, FIND(".", C24)) & (VALUE(RIGHT(C24, LEN(C24) - FIND(".", C24)))+1), C24 & ".1" ) ) -> 4.1 | D25: Avisar equipe antes de iniciar retirada do aterramento temporário | G25: FALSE | H25: =IF(AND(Tabela13814[[#This Row],[Item]]<>"",LEN(Tabela13814[[#This Row],[Item]])<3),1,"") | I25: ="___:___" -> ___:___ | J25: ="___:___" -> ___:___ | K25: ="___:___" -> ___:___ | L25: ="___:___" -> ___:___
C26: =IF(B26<>"", IF(IFERROR(FIND(".", C25),0)>0, VALUE(LEFT(C25, FIND(".", C25)-1))+1, VALUE(C25)+1), IF(IFERROR(FIND(".", C25),0)>0, LEFT(C25, FIND(".", C25)) & (VALUE(RIGHT(C25, LEN(C25) - FIND(".", C25)))+1), C25 & ".1" ) ) -> 4.2 | D26: Primeiro aterramento: Usar bastão para desconectar do barramento/pulo/equipamento | G26: TRUE | H26: =IF(AND(Tabela13814[[#This Row],[Item]]<>"",LEN(Tabela13814[[#This Row],[Item]])<3),1,"") | I26: ="___:___" -> ___:___ | J26: ="___:___" -> ___:___ | K26: ="___:___" -> ___:___ | L26: ="___:___" -> ___:___
C27: =IF(B27<>"", IF(IFERROR(FIND(".", C26),0)>0, VALUE(LEFT(C26, FIND(".", C26)-1))+1, VALUE(C26)+1), IF(IFERROR(FIND(".", C26),0)>0, LEFT(C26, FIND(".", C26)) & (VALUE(RIGHT(C26, LEN(C26) - FIND(".", C26)))+1), C26 & ".1" ) ) -> 4.3 | D27: Primeiro aterramento: Baixar cabo ao solo sem contato e longe de pontos energizados | G27: TRUE | H27: =IF(AND(Tabela13814[[#This Row],[Item]]<>"",LEN(Tabela13814[[#This Row],[Item]])<3),1,"") | I27: ="___:___" -> ___:___ | J27: ="___:___" -> ___:___ | K27: ="___:___" -> ___:___ | L27: ="___:___" -> ___:___
C28: =IF(B28<>"", IF(IFERROR(FIND(".", C27),0)>0, VALUE(LEFT(C27, FIND(".", C27)-1))+1, VALUE(C27)+1), IF(IFERROR(FIND(".", C27),0)>0, LEFT(C27, FIND(".", C27)) & (VALUE(RIGHT(C27, LEN(C27) - FIND(".", C27)))+1), C27 & ".1" ) ) -> 4.4 | D28: Segundo aterramento: Usar bastão para desconectar do barramento/pulo/equipamento | G28: TRUE | H28: =IF(AND(Tabela13814[[#This Row],[Item]]<>"",LEN(Tabela13814[[#This Row],[Item]])<3),1,"") | I28: ="___:___" -> ___:___ | J28: ="___:___" -> ___:___ | K28: ="___:___" -> ___:___ | L28: ="___:___" -> ___:___
C29: =IF(B29<>"", IF(IFERROR(FIND(".", C28),0)>0, VALUE(LEFT(C28, FIND(".", C28)-1))+1, VALUE(C28)+1), IF(IFERROR(FIND(".", C28),0)>0, LEFT(C28, FIND(".", C28)) & (VALUE(RIGHT(C28, LEN(C28) - FIND(".", C28)))+1), C28 & ".1" ) ) -> 4.5 | D29: Segundo aterramento: Baixar cabo ao solo sem contato e longe de pontos energizados | G29: TRUE | H29: =IF(AND(Tabela13814[[#This Row],[Item]]<>"",LEN(Tabela13814[[#This Row],[Item]])<3),1,"") | I29: ="___:___" -> ___:___ | J29: ="___:___" -> ___:___ | K29: ="___:___" -> ___:___ | L29: ="___:___" -> ___:___
C30: =IF(B30<>"", IF(IFERROR(FIND(".", C29),0)>0, VALUE(LEFT(C29, FIND(".", C29)-1))+1, VALUE(C29)+1), IF(IFERROR(FIND(".", C29),0)>0, LEFT(C29, FIND(".", C29)) & (VALUE(RIGHT(C29, LEN(C29) - FIND(".", C29)))+1), C29 & ".1" ) ) -> 4.6 | D30: Terceiro aterramento: Usar bastão para desconectar do barramento/pulo/equipamento | G30: TRUE | H30: =IF(AND(Tabela13814[[#This Row],[Item]]<>"",LEN(Tabela13814[[#This Row],[Item]])<3),1,"") | I30: ="___:___" -> ___:___ | J30: ="___:___" -> ___:___ | K30: ="___:___" -> ___:___ | L30: ="___:___" -> ___:___
C31: =IF(B31<>"", IF(IFERROR(FIND(".", C30),0)>0, VALUE(LEFT(C30, FIND(".", C30)-1))+1, VALUE(C30)+1), IF(IFERROR(FIND(".", C30),0)>0, LEFT(C30, FIND(".", C30)) & (VALUE(RIGHT(C30, LEN(C30) - FIND(".", C30)))+1), C30 & ".1" ) ) -> 4.7 | D31: Terceiro aterramento: Baixar cabo ao solo sem contato e longe de pontos energizados | G31: TRUE | H31: =IF(AND(Tabela13814[[#This Row],[Item]]<>"",LEN(Tabela13814[[#This Row],[Item]])<3),1,"") | I31: ="___:___" -> ___:___ | J31: ="___:___" -> ___:___ | K31: ="___:___" -> ___:___ | L31: ="___:___" -> ___:___
C32: =IF(B32<>"", IF(IFERROR(FIND(".", C31),0)>0, VALUE(LEFT(C31, FIND(".", C31)-1))+1, VALUE(C31)+1), IF(IFERROR(FIND(".", C31),0)>0, LEFT(C31, FIND(".", C31)) & (VALUE(RIGHT(C31, LEN(C31) - FIND(".", C31)))+1), C31 & ".1" ) ) -> 4.8 | D32: Retirar grampo de terra somente após todos os cabos desconectados da parte superior | G32: FALSE | H32: =IF(AND(Tabela13814[[#This Row],[Item]]<>"",LEN(Tabela13814[[#This Row],[Item]])<3),1,"") | I32: ="___:___" -> ___:___ | J32: ="___:___" -> ___:___ | K32: ="___:___" -> ___:___ | L32: ="___:___" -> ___:___
C33: =IF(B33<>"", IF(IFERROR(FIND(".", C32),0)>0, VALUE(LEFT(C32, FIND(".", C32)-1))+1, VALUE(C32)+1), IF(IFERROR(FIND(".", C32),0)>0, LEFT(C32, FIND(".", C32)) & (VALUE(RIGHT(C32, LEN(C32) - FIND(".", C32)))+1), C32 & ".1" ) ) -> 4.9 | D33: Proceder inspeção visual e confirmar retirada de todos os cabos da área de segurança | G33: FALSE | H33: =IF(AND(Tabela13814[[#This Row],[Item]]<>"",LEN(Tabela13814[[#This Row],[Item]])<3),1,"") | I33: ="___:___" -> ___:___ | J33: ="___:___" -> ___:___ | K33: ="___:___" -> ___:___ | L33: ="___:___" -> ___:___
C34: =IF(B34<>"", IF(IFERROR(FIND(".", C33),0)>0, VALUE(LEFT(C33, FIND(".", C33)-1))+1, VALUE(C33)+1), IF(IFERROR(FIND(".", C33),0)>0, LEFT(C33, FIND(".", C33)) & (VALUE(RIGHT(C33, LEN(C33) - FIND(".", C33)))+1), C33 & ".1" ) ) -> 4.10 | G34: TRUE | H34: =IF(AND(Tabela13814[[#This Row],[Item]]<>"",LEN(Tabela13814[[#This Row],[Item]])<3),1,"") -> #VALUE! | I34: ="___:___" -> ___:___ | J34: ="___:___" -> ___:___ | K34: ="___:___" -> ___:___ | L34: ="___:___" -> ___:___
C35: =IF(B35<>"", IF(IFERROR(FIND(".", C34),0)>0, VALUE(LEFT(C34, FIND(".", C34)-1))+1, VALUE(C34)+1), IF(IFERROR(FIND(".", C34),0)>0, LEFT(C34, FIND(".", C34)) & (VALUE(RIGHT(C34, LEN(C34) - FIND(".", C34)))+1), C34 & ".1" ) ) -> 4.11 | G35: TRUE | H35: =IF(AND(Tabela13814[[#This Row],[Item]]<>"",LEN(Tabela13814[[#This Row],[Item]])<3),1,"") -> #VALUE! | I35: ="___:___" -> ___:___ | J35: ="___:___" -> ___:___ | K35: ="___:___" -> ___:___ | L35: ="___:___" -> ___:___
C36: =IF(B36<>"", IF(IFERROR(FIND(".", C35),0)>0, VALUE(LEFT(C35, FIND(".", C35)-1))+1, VALUE(C35)+1), IF(IFERROR(FIND(".", C35),0)>0, LEFT(C35, FIND(".", C35)) & (VALUE(RIGHT(C35, LEN(C35) - FIND(".", C35)))+1), C35 & ".1" ) ) -> 4.12 | G36: TRUE | H36: =IF(AND(Tabela13814[[#This Row],[Item]]<>"",LEN(Tabela13814[[#This Row],[Item]])<3),1,"") -> #VALUE! | I36: ="___:___" -> ___:___ | J36: ="___:___" -> ___:___ | K36: ="___:___" -> ___:___ | L36: ="___:___" -> ___:___
C37: =IF(B37<>"", IF(IFERROR(FIND(".", C36),0)>0, VALUE(LEFT(C36, FIND(".", C36)-1))+1, VALUE(C36)+1), IF(IFERROR(FIND(".", C36),0)>0, LEFT(C36, FIND(".", C36)) & (VALUE(RIGHT(C36, LEN(C36) - FIND(".", C36)))+1), C36 & ".1" ) ) -> 4.13 | G37: TRUE | H37: =IF(AND(Tabela13814[[#This Row],[Item]]<>"",LEN(Tabela13814[[#This Row],[Item]])<3),1,"") -> #VALUE! | I37: ="___:___" -> ___:___ | J37: ="___:___" -> ___:___ | K37: ="___:___" -> ___:___ | L37: ="___:___" -> ___:___
C38: =IF(B38<>"", IF(IFERROR(FIND(".", C37),0)>0, VALUE(LEFT(C37, FIND(".", C37)-1))+1, VALUE(C37)+1), IF(IFERROR(FIND(".", C37),0)>0, LEFT(C37, FIND(".", C37)) & (VALUE(RIGHT(C37, LEN(C37) - FIND(".", C37)))+1), C37 & ".1" ) ) -> 4.14 | G38: TRUE | H38: =IF(AND(Tabela13814[[#This Row],[Item]]<>"",LEN(Tabela13814[[#This Row],[Item]])<3),1,"") -> #VALUE! | I38: ="___:___" -> ___:___ | J38: ="___:___" -> ___:___ | K38: ="___:___" -> ___:___ | L38: ="___:___" -> ___:___
C39: =IF(B39<>"", IF(IFERROR(FIND(".", C38),0)>0, VALUE(LEFT(C38, FIND(".", C38)-1))+1, VALUE(C38)+1), IF(IFERROR(FIND(".", C38),0)>0, LEFT(C38, FIND(".", C38)) & (VALUE(RIGHT(C38, LEN(C38) - FIND(".", C38)))+1), C38 & ".1" ) ) -> 4.15 | G39: TRUE | H39: =IF(AND(Tabela13814[[#This Row],[Item]]<>"",LEN(Tabela13814[[#This Row],[Item]])<3),1,"") -> #VALUE! | I39: ="___:___" -> ___:___ | J39: ="___:___" -> ___:___ | K39: ="___:___" -> ___:___ | L39: ="___:___" -> ___:___
E42: Responsável da Intervenção | J42: Verificador(es)

Sheet Perigos
B2: Perigos Elencados | D2: DANOS
B3: severidade | D3: 1 (leve) | E3: 3 (moderado) | F3: 5 (grave)
B4: 1 | C4: Piso escorregadio, irregular ou com desnível. | D4: Queda com possibilidade de lesões leves (escoriações, pequenas contusões) | E4: Contusão / ferimento / fratura, torções sem afastamento ou inferior a 15 dias | F4: Traumatismos / ferimentos / fraturas / acidentes fatais
B5: 2 | C5: Ergonômico / Postura inadequada / Esforço físico / Esforço excessivo | D5: Problemas ósteomusculares leves (dores lombares, musculares e tensão muscular) | E5: Problemas ósteomusculares temporários (dores lombares e musculares), tenossinovites, contraturas musculares. | F5: Problemas ósteomusculares graves ou crônicos com vários episódios de agudização e perda de capacidade laboral permanente.
B6: 3 | C6: Impacto mecânico | D6: Contusão, lesão ou distensão ósteomuscular | E6: Fratura, luxação | F6: Traumatismos, fraturas que levem a incapacidade permanente
B7: 4 | C7: Ruído | D7: Desconforto temporário / irritação | E7: Redução da Capacidade Auditiva | F7: Perda auditiva
B8: 5 | C8: Explosão | D8: Abrasão, contusão, traumatismos leves sem perda de capacidade laboral. | E8: Politraumatismos, queimaduras, lesões de órgãos e partes do corpo com perda de capacidade laboral temporária. | F8: Lesões irreversíveis de órgãos e partes do corpo com perda de capacidade laboral permanente / Morte.
B9: 6 | C9: Calor Radiante / Superfícies quentes | D9: Desconforto temporário / cansaço / irritação | E9: Febre/ Queimadura de 1º e 2º | F9: Tumores / Câncer de pele/ Queimadura de 3º
B10: 7 | C10: Produtos químicos | D10: Desconforto temporário / Alergias / Vômito / irritação | E10: Dermatite / irritação das vias respiratórias sem afastamento ou inferior a 15 dias / Queimaduras 1° e 2° | F10: Irritação das vias respiratórias com afastamento superior a 15 dias / Queimaduras 3°
B11: 8 | C11: Gases e vapores tóxicos | D11: Irritação oftalmológica e respiratória | E11: Intoxicação | F11: Neuropatias, Asfixia, morte
B12: 9 | C12: Animais peçonhentos e não peçonhentos | D12: Irritação, alergia | E12: Lesões corporais, intoxicação sem afastamento ou com afastamento inferior a 15 dias | F12: Lesões corporais, intoxicação com afastamento superior a 15 dias / Morte
B13: 10 | C13: Queda com diferença de nível de escada, andaime, superficíe para sustentar pessoas / Trabalho em Altura | D13: Escoriações / ferimentos sem afastamento | E13: Contusão / ferimento / fratura sem afastamento ou inferior a 15 dias | F13: Contusão / ferimento / fratura com afastamento superior a 15 dias / Morte
B14: 11 | C14: Energia Elétrica | D14: Choque de baixa tensão | E14: Queimadura de 1º e 2º com afastamento inferior a 15 dias | F14: Queimadura de 3º / Parada cardiorespiratória / Morte
B15: 12 | C15: Espaços Confinados | D15: Mal súbito / queda de pressão arterial / tonturas | E15: Desmaio / Queda com afastamento inferior a 15 dias / Intoxicação | F15: Morte
... B38: 35 | C38: Exposição a corpo estranho | D38: Irritação ocular leve/ Desconforto | E38: Irritação na córnea sem afastamento ou inferior a 15 dias | F38: Irritação na córnea com redução ou perda da capacidade ocular com afastamento superior a 15 dias

Sheet Tabelas
E2: Severidade
C3: TABELA/MATRIZ | E3: 1 Leve (L) | F3: 2 Baixa (B) | G3: 3 Média(M) | H3: 4 Alta (A) | I3: 5 Muito Alta (MA)
E4: 1 | F4: 2 | G4: 3 | H4: 4 | I4: 5
B5: Probabilidade | C5: 5 (Quase Certo) | D5: 5 | E5: ²Médio (21) | F5: ³Alto (22) | G5: ³Alto (23) | H5: ⁴Muito Alto (24) | I5: ⁴Muito Alto (25)
C6: 4 (Provável) | D6: 4 | E6: ²Médio (16) | F6: ²Médio (17) | G6: ³Alto (18) | H6: ⁴Muito Alto (19) | I6: ⁴Muito Alto (20)
C7: 3 (Possível) | D7: 3 | E7: ¹Baixo (11) | F7: ²Médio (12) | G7: ³Alto (13) | H7: ³Alto (14) | I7: ⁴Muito Alto (15)
C8: 2 (Improvável) | D8: 2 | E8: ¹Baixo (6) | F8: ¹Baixo (7) | G8: ²Médio (8) | H8: ³Alto (9) | I8: ³Alto (10)
C9: 1 (Raro) | D9: 1 | E9: ¹Baixo (1) | F9: ¹Baixo (2) | G9: ²Médio (3) | H9: ²Médio (4) | I9: ³Alto (5)
C11: probabilidade | D11: 3
C12: severidade | D12: 3 | F12: Baixo | G12: Médio | H12: Alto | I12: Muito Alto
C13: CLASSIFICAÇÃO DO RISCO | D13: =INDEX(Tabelas!$E$5:$I$9, MATCH(D11, Tabelas!$D$5:$D$9, 0), MATCH(D12, Tabelas!$E$4:$I$4, 0)) -> ³Alto (13)
J17: Legenda: | L17: Severidade | M17: 1 | N17: Leve (L) | P17: Probabilidade | Q17: 1 | R17: Raro | W17: Legenda: | Y17: Severidade | Z17: 1 | AA17: Leve (Primeiros Socorros) | AC17: Probabilidade | AD17: 1 | AE17: Raro (>1 vez/mês)
M18: 2 | N18: Baixa (B) | Q18: 2 | R18: Improvável | Z18: 2 | AA18: Baixa (Tratamento Médico) | AD18: 2 | AE18: Improvável (<1/mês e >1/ano)
M19: 3 | N19: Média(M) | Q19: 3 | R19: Possível | Z19: 3 | AA19: Média (Afastamento) | AD19: 3 | AE19: Possível (~1 vez/5 anos)
M20: 4 | N20: Alta (A) | Q20: 4 | R20: Provável | Z20: 4 | AA20: Alta (Invalidez Permanente ou Fatalidade Única) | AD20: 4 | AE20: Provável (<1 vez/5 anos)
M21: 5 | N21: Muito Alta (MA) | Q21: 5 | R21: Quase Certo | Z21: 5 | AA21: Muito Alta (Múltiplas Invalidez Permanente ou Múltiplas Fatalidades) | AD21: 5 | AE21: Quase Certo (Circunstâncias excepcionais; s/ registros)

Sheet Matriz 5x5
B2: MATRIZ DE RISCO | D2: Severidade (Efeito / Consequência) da Condição Perigosa
D3: (considerar a severidade máxima razoável do evento)
B4: Tipo de Perda ("Tipos de Perda" adicionais podem existir em um evento: Identifique-as e classifique-as adequadamente) | D4: 1 Leve (L) | E4: 2 Baixa (B) | F4: 3 Média (M) | G4: 4 Alta (A) | H4: 5 Muito Alta (MA)
B5: SEGURANÇA | D5: Caso de Primeiros Socorros. | E5: Caso de Tratamento Médico. | F5: Caso de Afastamento. | G5: Caso de Invalidez Permanente ou Fatalidade Única. | H5: Casos Múltiplos de Invalidez Permanente ou Múltiplas Fatalidades.
B6: Lesão à Pessoa - Segurança
B7: SAÚDE Dano à pessoa - Saúde ocupacional | D7: Exposição a perigo de saúde resultando em um pequeno desconforto. | E7: Exposição a perigo de saúde resultando em sintomas que exigem intervenção médica e recuperação completa (sem afastamento). | F7: Exposição a perigos de saúde/agentes (acima do LT) resultando em impacto reversível sobre a saúde (com afastamento) ou mudança permanente sem invalidez ou perda de qualidade de vida. | G7: Exposição a perigos de saúde/agentes (significativamente acima do LT) resultando em impacto irreversível sobre a saúde, com perda de qualidade de vida (invalidez permanente) ou fatalidade única. | H7: Exposição a perigos de saúde/agentes (significativamente acima do LT) resultando em impacto irreversível sobre a saúde, com perda de qualidade de vida de um grupo/população numerosa ou múltiplas fatalidades.
B8: Probabilidade | C8: Considerando a presença e magnitude do perigo e a exposição a esse perigo (número de pessoas e frequência de tarefas que expõem essas pessoas), assim como o status dos controles existentes. | D8: CLASSIFICAÇÃO DE RISCO
B9: 5 | C9: O evento indesejado pode ocorrer na frequência de mais de uma vez ao mês.
B10: (Quase Certo) | D10: 11 (M) | E10: 16 (A) | F10: 20 (A) | G10: 23 (MA) | H10: 25 (MA)
D11: q21 | E11: q22 | F11: q23 | G11: q24 | H11: q25
B12: 4 | C12: O evento indesejado pode ocorrer na frequência de menos de uma vez ao mês, mas mais de uma vez ao ano.
B13: (Provável) | D13: 7 (M) | E13: 12 (M) | F13: 17 (A) | G13: 21 (MA) | H13: 24 (MA)
D14: q16 | E14: q17 | F14: q18 | G14: q19 | H14: q20
B15: 3 | C15: O evento indesejado pode ocorrer na frequência de uma vez a cada cinco anos.
B16: (Possível) | D16: 4 (B) | E16: 8 (M) | F16: 13 (A) | G16: 18 (A) | H16: 22 (MA)
D17: q11 | E17: q12 | F17: q13 | G17: q14 | H17: q15
B18: 2 | C18: O evento indesejado pode ocorrer na frequência de menos de uma vez a cada cinco anos.
B19: (Improvável) | D19: 2 (B) | E19: 5 (B) | F19: 9 (M) | G19: 14 (A) | H19: 19 (A)
D20: q6 | E20: q7 | F20: q8 | G20: q9 | H20: q10
B21: 1 | C21: O evento indesejado somente pode ocorrer em circunstâncias excepcionais ou é improvável sua ocorrência. Não registro deste evento.
B22: (Raro) | D22: 1 (B) | E22: 3 (B) | F22: 6 (M) | G22: 10 (M) | H22: 15 (A)
D23: q1 | E23: q2 | F23: q3 | G23: q4 | H23: q5

Sheet Auxiliar
B2: Tipo do Ponto Crítico | D2: Responsável | F2: Verificador | H2: Tipo Documento | J2: Avaliação do Risco | L2: Instalação
B3: Segurança de Pessoas / Sistema | D3: Encarregado/ Resp. da SI | F3: Fiscal Técnico | H3: SI | J3: Baixo ou Nenhum | L3: ABA | N3: ABA
B4: Segurança de Pessoas | D4: Encarregado da Equipe | F4: Substituto da SI | H4: OM | J4: Moderado (Médio) | L4: ALX | N4: ALX
B5: Segurança do Sistema | D5: Responsável da SI | F5: Operação Local | H5: AT | J5: Alto | L5: AQD | N5: AQD
F6: Técnico de Segurança do Trabalho | L6: AUD | N6: AUD
F7: Encarregado da Equipe | L7: BEA | N7: BEA
F8: Responsável da SI | L8: BES | N8: BES
L9: BNB | N9: BNB
L10: CMA | N10: CMA
L11: CPE | N11: CPE
L12: CTD | N12: CTD
L13: DMG | N13: DMG
L14: ELM | N14: ELM
L15: FTZ | N15: FTZ
L16: FZD | N16: FZD
L17: IBD | N17: IBD
L18: ICO | N18: ICO
L19: MLG | N19: MLG
L20: MND | N20: MSD
... L42: UCR | N42: PCD
N43: ABX
N44: ACD
N45: ACT
N46: AGD
N47: AGL
N48: ALD
N49: ART
N50: BDD
N51: BGI
N52: BJD
N53: BJS
N54: BMC
... N181: UXG
